"Scenario_ID","Image_Description"
"S001","A student is the main subject, shown inside a classroom. The student is practicing Tamil letter 'அ' on slate. Visible in the frame near the student: Tamil letter 'அ' on slate. The student is positioned in the center of the frame, facing the camera at a natural angle. The setting is a classroom. The student wears plain contemporary clothing. The image is framed as an eye-level medium shot centered on the subject. Natural daylight enters through classroom windows, softly illuminating the scene. Rows of wooden desks and a large chalkboard are visible behind the subject. The subject's face and hands are clearly visible with natural body proportions, realistic anatomy, sharp focus, balanced composition, and no visual distortions."
"S002","An architect is the main subject, shown inside a construction site. The architect is reviewing foundation blueprints. Visible in the frame near the architect: foundation blueprints. The architect is positioned in the center of the frame, facing the camera at a natural angle. The setting is a construction site. The architect wears a hard hat, high-visibility vest, and work clothing. The image is framed as a medium shot, waist-up, centered on the subject. Overcast daylight illuminates the site evenly. Unfinished building structures and construction equipment are visible behind the subject. The subject's face and hands are clearly visible with natural body proportions, realistic anatomy, sharp focus, balanced composition, and no visual distortions."
"S003","A child is the main subject, shown inside a home living room. The child is learning to tie shoelaces. Visible in the frame near the child: to tie shoelaces. The child is positioned in the center of the frame, facing the camera at a natural angle. The setting is a home living room. The child wears ordinary contemporary clothing. The image is framed as a medium shot, waist-up, centered on the subject. Soft, natural indoor lighting fills the room. Simple household furniture is visible behind the subject. The subject's face and hands are clearly visible with natural body proportions, realistic anatomy, sharp focus, balanced composition, and no visual distortions."
"S004","A student is the main subject, shown inside a classroom. The student is bowing to teacher. Visible in the frame near the student: to teacher. The student is positioned in the center of the frame, facing the camera at a natural angle. The setting is a classroom. The student wears plain contemporary clothing. The image is framed as an eye-level medium shot centered on the subject. Natural daylight enters through classroom windows, softly illuminating the scene. Rows of wooden desks and a large chalkboard are visible behind the subject. The subject's face and hands are clearly visible with natural body proportions, realistic anatomy, sharp focus, balanced composition, and no visual distortions."
"S005","A doctor is the main subject, shown inside a hospital consultation room. The doctor is consulting senior colleague. Visible in the frame near the doctor: senior colleague. The doctor is positioned in the center of the frame, facing the camera at a natural angle. The setting is a hospital consultation room. The doctor wears a plain hospital uniform. The image is framed as a medium shot, waist-up, centered on the subject. Soft, even indoor lighting fills the room. Medical equipment and a hospital bed are visible behind the subject. The subject's face and hands are clearly visible with natural body proportions, realistic anatomy, sharp focus, balanced composition, and no visual distortions."
"S006","A child is the main subject, shown inside a home living room. The child is asking parent for help. Visible in the frame near the child: parent for help. The child is positioned in the center of the frame, facing the camera at a natural angle. The setting is a home living room. The child wears ordinary contemporary clothing. The image is framed as a medium shot, waist-up, centered on the subject. Soft, natural indoor lighting fills the room. Simple household furniture is visible behind the subject. The subject's face and hands are clearly visible with natural body proportions, realistic anatomy, sharp focus, balanced composition, and no visual distortions."
"S007","A youth is the main subject, shown inside a home living room. The youth is sitting cross- legged copying elder's hand position during meditation. Visible in the frame near the youth: cross- legged copying elder's hand position. The youth is positioned in the center of the frame, facing the camera at a natural angle. The setting is a home living room. The youth wears ordinary contemporary clothing. The image is framed as a medium shot, waist-up, centered on the subject. Soft, natural indoor lighting fills the room. Simple household furniture is visible behind the subject. The subject's face and hands are clearly visible with natural body proportions, realistic anatomy, sharp focus, balanced composition, and no visual distortions."
"S008","An intern is the main subject, shown inside a modern office. The intern is watching senior engineer type calmly at keyboard during network outage. Visible in the frame near the intern: senior engineer type calmly at keyboard. The intern is positioned in the center of the frame, facing the camera at a natural angle. The setting is a modern office. The intern wears ordinary contemporary office attire. The image is framed as a medium shot, waist-up, centered on the subject. Soft indoor lighting fills the office. Desks, computer monitors, and office partitions are visible behind the subject. The subject's face and hands are clearly visible with natural body proportions, realistic anatomy, sharp focus, balanced composition, and no visual distortions."
"S009","A follower is the main subject, shown inside a hospital consultation room. The follower is imitating grandmother's patient vegetable chopping technique. Visible in the frame near the follower: grandmother's patient vegetable chopping technique. The follower is positioned in the center of the frame, facing the camera at a natural angle. The setting is a hospital consultation room. The follower wears a plain hospital uniform. The image is framed as a medium shot, waist-up, centered on the subject. Soft, even indoor lighting fills the room. Medical equipment and a hospital bed are visible behind the subject. The subject's face and hands are clearly visible with natural body proportions, realistic anatomy, sharp focus, balanced composition, and no visual distortions."
"S010","A person is the main subject, shown inside an outdoor market street. The person is walking slowly past flower stall and garbage dump without changing facial expression. Visible in the frame near the person: slowly past flower stall and garbage dump. The person is positioned in the center of the frame, facing the camera at a natural angle. The setting is an outdoor market street. The person wears ordinary contemporary clothing. The image is framed as a medium shot, waist-up, centered on the subject. Bright midday daylight illuminates the street. Market stalls and passersby are visible behind the subject. The subject's face and hands are clearly visible with natural body proportions, realistic anatomy, sharp focus, balanced composition, and no visual distortions."
"S011","A surgeon is the main subject, shown inside a hospital consultation room. The surgeon is keeping hands steady on surgical tools during unexpected complication. Visible in the frame near the surgeon: hands steady on surgical tools. The surgeon is positioned in the center of the frame, facing the camera at a natural angle. The setting is a hospital consultation room. The surgeon wears a plain hospital uniform. The image is framed as a medium shot, waist-up, centered on the subject. Soft, even indoor lighting fills the room. Medical equipment and a hospital bed are visible behind the subject. The subject's face and hands are clearly visible with natural body proportions, realistic anatomy, sharp focus, balanced composition, and no visual distortions."
"S012","A parent is the main subject, shown inside a home kitchen. The parent is wiping spilled milk from the floor with a cloth while picking up a broken toy with the other hand. A damp cloth is held in one hand and a broken toy piece is held in the other. The parent kneels on the kitchen floor in the foreground, with the spill visible beside them. The setting is a home kitchen. The parent wears ordinary contemporary home clothing. The image is framed as a medium shot, waist-up, centered on the subject. Warm daylight enters through a kitchen window. Kitchen counters, a stove, and cooking utensils are visible behind the subject. The subject's face and hands are clearly visible with natural body proportions, realistic anatomy, sharp focus, balanced composition, and no visual distortions."
"S013","A priest is the main subject, shown inside a home prayer area. The priest is continuing ritual steps while devotees clap and shout nearby. Visible in the frame near the priest: ritual steps. The priest is positioned in the center of the frame, facing the camera at a natural angle. The setting is a home prayer area. The priest wears ordinary contemporary clothing. The image is framed as a medium shot centered on the subject. Soft, warm indoor lighting illuminates the scene. A small altar with a lamp and religious items is visible behind the subject. The subject's face and hands are clearly visible with natural body proportions, realistic anatomy, sharp focus, balanced composition, and no visual distortions."
"S014","A judge is the main subject, shown inside a courtroom. The judge is delivering verdict while news cameras flash nearby. Visible in the frame near the judge: verdict. The judge is positioned in the center of the frame, facing the camera at a natural angle. The setting is a courtroom. The judge wears formal professional attire. The image is framed as a medium shot, waist-up, centered on the subject. Even, formal indoor lighting fills the courtroom. A judge's bench or witness stand and wood-paneled walls are visible behind the subject. The subject's face and hands are clearly visible with natural body proportions, realistic anatomy, sharp focus, balanced composition, and no visual distortions."
"S015","A volunteer is the main subject, shown inside a home living room. The volunteer is serving food to both thanking and complaining recipients. Visible in the frame near the volunteer: food to both thanking and complaining recipients. The volunteer is positioned in the center of the frame, facing the camera at a natural angle. The setting is a home living room. The volunteer wears ordinary contemporary clothing. The image is framed as a medium shot, waist-up, centered on the subject. Soft, natural indoor lighting fills the room. Simple household furniture is visible behind the subject. The subject's face and hands are clearly visible with natural body proportions, realistic anatomy, sharp focus, balanced composition, and no visual distortions."
"S016","A monk is the main subject, shown inside a home dining room. The monk is walking slowly past steaming food stall without stopping or purchasing. Visible in the frame near the monk: slowly past steaming food stall. The monk is positioned in the center of the frame, facing the camera at a natural angle. The setting is a home dining room. The monk wears ordinary contemporary home clothing. The image is framed as a medium shot, waist-up, centered on the subject and the table. Warm daylight fills the dining room. A dining table with plates and serving dishes is visible behind the subject. The subject's face and hands are clearly visible with natural body proportions, realistic anatomy, sharp focus, balanced composition, and no visual distortions."
"S017","A programmer is the main subject, shown inside a modern office. The programmer is intently typing code without looking at smartphone screen. Visible in the frame near the programmer: typing code. The programmer is positioned in the center of the frame, facing the camera at a natural angle. The setting is a modern office. The programmer wears ordinary contemporary office attire. The image is framed as a medium shot, waist-up, centered on the subject. Soft indoor lighting fills the office. Desks, computer monitors, and office partitions are visible behind the subject. The subject's face and hands are clearly visible with natural body proportions, realistic anatomy, sharp focus, balanced composition, and no visual distortions."
"S018","An athlete is the main subject, shown inside a gym. The athlete is following strict diet during training season avoiding sweets. Visible in the frame near the athlete: strict diet. The athlete is positioned in the center of the frame, facing the camera at a natural angle. The setting is a gym. The athlete wears athletic sportswear. The image is framed as a medium shot, waist-up, centered on the subject. Bright, even indoor lighting fills the gym. Exercise equipment is visible behind the subject. The subject's face and hands are clearly visible with natural body proportions, realistic anatomy, sharp focus, balanced composition, and no visual distortions."
"S019","A sick person is the main subject, shown inside a hospital consultation room. The sick person is moving lips in chant while waiting outside clinic room. Visible in the frame near the sick person: lips in chant. The sick person is positioned in the center of the frame, facing the camera at a natural angle. The setting is a hospital consultation room. The sick person wears a plain hospital uniform. The image is framed as a medium shot, waist-up, centered on the subject. Soft, even indoor lighting fills the room. Medical equipment and a hospital bed are visible behind the subject. The subject's face and hands are clearly visible with natural body proportions, realistic anatomy, sharp focus, balanced composition, and no visual distortions."
"S020","An air traffic controller is the main subject, shown inside a home prayer area. The air traffic controller is reciting prayer during emergency landing situation. Visible in the frame near the air traffic controller: prayer. The air traffic controller is positioned in the center of the frame, facing the camera at a natural angle. The setting is a home prayer area. The air traffic controller wears ordinary contemporary clothing. The image is framed as a medium shot centered on the subject. Soft, warm indoor lighting illuminates the scene. A small altar with a lamp and religious items is visible behind the subject. The subject's face and hands are clearly visible with natural body proportions, realistic anatomy, sharp focus, balanced composition, and no visual distortions."
"S021","A student is the main subject, shown inside a classroom. The student is reviewing formulas quietly. Visible in the frame near the student: formulas quietly. The student is positioned in the center of the frame, facing the camera at a natural angle. The setting is a classroom. The student wears plain contemporary clothing. The image is framed as an eye-level medium shot centered on the subject. Natural daylight enters through classroom windows, softly illuminating the scene. Rows of wooden desks and a large chalkboard are visible behind the subject. The subject's face and hands are clearly visible with natural body proportions, realistic anatomy, sharp focus, balanced composition, and no visual distortions."
"S022","A volunteer is the main subject, shown inside a home living room. The volunteer is handing out food relief while wearing patched, worn clothing. Visible in the frame near the volunteer: out food relief. The volunteer is positioned in the center of the frame, facing the camera at a natural angle. The setting is a home living room. The volunteer wears ordinary contemporary clothing. The image is framed as a medium shot, waist-up, centered on the subject. Soft, natural indoor lighting fills the room. Simple household furniture is visible behind the subject. The subject's face and hands are clearly visible with natural body proportions, realistic anatomy, sharp focus, balanced composition, and no visual distortions."
"S023","A nurse in hospital uniform is the main subject, shown inside a hospital consultation room. The nurse in hospital uniform is arriving for second shift while family waves goodbye. Visible in the frame near the nurse in hospital uniform: for second shift. The nurse in hospital uniform is positioned in the center of the frame, facing the camera at a natural angle. The setting is a hospital consultation room. The nurse in hospital uniform wears a plain hospital uniform. The image is framed as a medium shot, waist-up, centered on the subject. Soft, even indoor lighting fills the room. Medical equipment and a hospital bed are visible behind the subject. The subject's face and hands are clearly visible with natural body proportions, realistic anatomy, sharp focus, balanced composition, and no visual distortions."
"S024","A neighbor is the main subject, shown inside a home dining room. The neighbor is sharing last bag of rice with hungry family during shortage. Visible in the frame near the neighbor: last bag of rice with hungry family. The neighbor is positioned in the center of the frame, facing the camera at a natural angle. The setting is a home dining room. The neighbor wears ordinary contemporary home clothing. The image is framed as a medium shot, waist-up, centered on the subject and the table. Warm daylight fills the dining room. A dining table with plates and serving dishes is visible behind the subject. The subject's face and hands are clearly visible with natural body proportions, realistic anatomy, sharp focus, balanced composition, and no visual distortions."
"S025","A statue is the main subject, shown inside a home prayer area. The statue is standing still in temple courtyard while wind blows flowers around. Visible in the frame near the statue: still in temple courtyard. The statue is positioned in the center of the frame, facing the camera at a natural angle. The setting is a home prayer area. The statue wears ordinary contemporary clothing. The image is framed as a medium shot centered on the subject. Soft, warm indoor lighting illuminates the scene. A small altar with a lamp and religious items is visible behind the subject. The subject's face and hands are clearly visible with natural body proportions, realistic anatomy, sharp focus, balanced composition, and no visual distortions."
"S026","A security guard is the main subject, shown inside a control room. The security guard is maintaining vigilant posture during empty night shift. Visible in the frame near the security guard: vigilant posture. The security guard is positioned in the center of the frame, facing the camera at a natural angle. The setting is a control room. The security guard wears a plain work uniform. The image is framed as a medium shot, waist-up, centered on the subject. Dim, artificial control-room lighting illuminates the scene. Control panels and monitoring equipment are visible behind the subject. The subject's face and hands are clearly visible with natural body proportions, realistic anatomy, sharp focus, balanced composition, and no visual distortions."
"S027","A lighthouse keeper is the main subject, shown inside a control room. The lighthouse keeper is turning brass lens mechanism during stormy night. Visible in the frame near the lighthouse keeper: brass lens mechanism. The lighthouse keeper is positioned in the center of the frame, facing the camera at a natural angle. The setting is a control room. The lighthouse keeper wears a plain work uniform. The image is framed as a medium shot, waist-up, centered on the subject. Dim, artificial control-room lighting illuminates the scene. Control panels and monitoring equipment are visible behind the subject. The subject's face and hands are clearly visible with natural body proportions, realistic anatomy, sharp focus, balanced composition, and no visual distortions."
"S028","A devotee is the main subject, shown inside a home prayer area. The devotee is walking circular path around temple shrine for one hour. Visible in the frame near the devotee: circular path around temple shrine for one hour. The devotee is positioned in the center of the frame, facing the camera at a natural angle. The setting is a home prayer area. The devotee wears ordinary contemporary clothing. The image is framed as a medium shot centered on the subject. Soft, warm indoor lighting illuminates the scene. A small altar with a lamp and religious items is visible behind the subject. The subject's face and hands are clearly visible with natural body proportions, realistic anatomy, sharp focus, balanced composition, and no visual distortions."
"S029","A researcher is the main subject, shown inside a research laboratory. The researcher is repeating experiment procedure hundreds of times for verification. Visible in the frame near the researcher: experiment procedure hundreds of times for verification. The researcher is positioned in the center of the frame, facing the camera at a natural angle. The setting is a research laboratory. The researcher wears a plain lab coat over contemporary clothing. The image is framed as a medium shot centered on the subject and the equipment. Bright, even overhead laboratory lighting fills the room. Laboratory benches with glassware and equipment are visible behind the subject. The subject's face and hands are clearly visible with natural body proportions, realistic anatomy, sharp focus, balanced composition, and no visual distortions."
"S030","A Muslim is the main subject, shown inside a home prayer area. The Muslim is performing five daily prayers at fixed times regardless of activity. Visible in the frame near the Muslim: five daily prayers at fixed times. The Muslim is positioned in the center of the frame, facing the camera at a natural angle. The setting is a home prayer area. The Muslim wears ordinary contemporary clothing. The image is framed as a medium shot centered on the subject. Soft, warm indoor lighting illuminates the scene. A small altar with a lamp and religious items is visible behind the subject. The subject's face and hands are clearly visible with natural body proportions, realistic anatomy, sharp focus, balanced composition, and no visual distortions."
"S031","A farmer is the main subject, shown inside an outdoor garden. The farmer is testing soil moisture with handheld meter in furrows. Visible in the frame near the farmer: soil moisture with handheld meter in furrows. The farmer is positioned in the center of the frame, facing the camera at a natural angle. The setting is an outdoor garden. The farmer wears ordinary contemporary outdoor clothing. The image is framed as a medium shot, waist-up, centered on the subject. Natural daylight illuminates the garden. Rows of plants and garden tools are visible behind the subject. The subject's face and hands are clearly visible with natural body proportions, realistic anatomy, sharp focus, balanced composition, and no visual distortions."
"S032","A student is the main subject, shown inside a classroom. The student is reviewing multiplication tables using flashcards. Visible in the frame near the student: multiplication tables using flashcards. The student is positioned in the center of the frame, facing the camera at a natural angle. The setting is a classroom. The student wears plain contemporary clothing. The image is framed as an eye-level medium shot centered on the subject. Natural daylight enters through classroom windows, softly illuminating the scene. Rows of wooden desks and a large chalkboard are visible behind the subject. The subject's face and hands are clearly visible with natural body proportions, realistic anatomy, sharp focus, balanced composition, and no visual distortions."
"S033","A baker is the main subject, shown inside a home kitchen. The baker is checking flour quality and expiration dates. Visible in the frame near the baker: flour quality and expiration dates. The baker is positioned in the center of the frame, facing the camera at a natural angle. The setting is a home kitchen. The baker wears ordinary contemporary home clothing. The image is framed as a medium shot, waist-up, centered on the subject. Warm daylight enters through a kitchen window. Kitchen counters, a stove, and cooking utensils are visible behind the subject. The subject's face and hands are clearly visible with natural body proportions, realistic anatomy, sharp focus, balanced composition, and no visual distortions."
"S034","A volunteer is the main subject, shown inside an outdoor park. The volunteer is distributing apples and oranges to a group of smiling children at an after-school program. A basket of apples and oranges rests in the volunteer's hands, with several pieces of fruit already given to the children. The volunteer stands centered in the frame, surrounded by children reaching for the fruit. The setting is an outdoor park. The volunteer wears ordinary contemporary outdoor clothing. The image is framed as a medium shot, waist-up, centered on the subject. Warm natural daylight illuminates the scene. Trees and open pathways are visible behind the subject. The subject's face and hands are clearly visible with natural body proportions, realistic anatomy, sharp focus, balanced composition, and no visual distortions."
"S035","A senior mentor is the main subject, shown inside a hospital consultation room. The senior mentor is patiently guiding two junior colleagues through complex software problem. Visible in the frame near the senior mentor: guiding two junior colleagues through complex software problem. The senior mentor is positioned in the center of the frame, facing the camera at a natural angle. The setting is a hospital consultation room. The senior mentor wears a plain hospital uniform. The image is framed as a medium shot, waist-up, centered on the subject. Soft, even indoor lighting fills the room. Medical equipment and a hospital bed are visible behind the subject. The subject's face and hands are clearly visible with natural body proportions, realistic anatomy, sharp focus, balanced composition, and no visual distortions."
"S036","A gardener is the main subject, shown inside an outdoor garden. The gardener is using watering can to nurture vegetable seedlings in community garden bed. Visible in the frame near the gardener: watering can to nurture vegetable seedlings in community garden bed. The gardener is positioned in the center of the frame, facing the camera at a natural angle. The setting is an outdoor garden. The gardener wears ordinary contemporary outdoor clothing. The image is framed as a medium shot, waist-up, centered on the subject. Natural daylight illuminates the garden. Rows of plants and garden tools are visible behind the subject. The subject's face and hands are clearly visible with natural body proportions, realistic anatomy, sharp focus, balanced composition, and no visual distortions."
"S037","A restaurant owner is the main subject, shown inside a restaurant dining area. The restaurant owner is researching local food preferences and dietary trends. Visible in the frame near the restaurant owner: local food preferences and dietary trends. The restaurant owner is positioned in the center of the frame, facing the camera at a natural angle. The setting is a restaurant dining area. The restaurant owner wears ordinary contemporary clothing or an apron. The image is framed as a medium shot, waist-up, centered on the subject. Warm indoor restaurant lighting fills the space. Restaurant tables and place settings are visible behind the subject. The subject's face and hands are clearly visible with natural body proportions, realistic anatomy, sharp focus, balanced composition, and no visual distortions."
"S038","A financial analyst is the main subject, shown inside a modern office. The financial analyst is studying 10- year market trends. Visible in the frame near the financial analyst: 10- year market trends. The financial analyst is positioned in the center of the frame, facing the camera at a natural angle. The setting is a modern office. The financial analyst wears ordinary contemporary office attire. The image is framed as a medium shot, waist-up, centered on the subject. Soft indoor lighting fills the office. Desks, computer monitors, and office partitions are visible behind the subject. The subject's face and hands are clearly visible with natural body proportions, realistic anatomy, sharp focus, balanced composition, and no visual distortions."
"S039","A musician is the main subject, shown inside a home living room. The musician is practicing scales and fundamentals for hour. Visible in the frame near the musician: scales and fundamentals for hour. The musician is positioned in the center of the frame, facing the camera at a natural angle. The setting is a home living room. The musician wears ordinary contemporary clothing. The image is framed as a medium shot, waist-up, centered on the subject. Soft, natural indoor lighting fills the room. Simple household furniture is visible behind the subject. The subject's face and hands are clearly visible with natural body proportions, realistic anatomy, sharp focus, balanced composition, and no visual distortions."
"S040","A science teacher is the main subject, shown inside a classroom. The science teacher is using colorful chemical reaction demo to engage previously disinterested class. Visible in the frame near the science teacher: colorful chemical reaction demo to engage previously disinterested class. The science teacher is positioned in the center of the frame, facing the camera at a natural angle. The setting is a classroom. The science teacher wears plain contemporary clothing. The image is framed as an eye-level medium shot centered on the subject. Natural daylight enters through classroom windows, softly illuminating the scene. Rows of wooden desks and a large chalkboard are visible behind the subject. The subject's face and hands are clearly visible with natural body proportions, realistic anatomy, sharp focus, balanced composition, and no visual distortions."
"S041","A personal trainer is the main subject, shown inside a gym. The personal trainer is discovering client enjoys boxing, finally motivating regular gym attendance. Visible in the frame near the personal trainer: client enjoys boxing, finally motivating regular gym attendance. The personal trainer is positioned in the center of the frame, facing the camera at a natural angle. The setting is a gym. The personal trainer wears athletic sportswear. The image is framed as a medium shot, waist-up, centered on the subject. Bright, even indoor lighting fills the gym. Exercise equipment is visible behind the subject. The subject's face and hands are clearly visible with natural body proportions, realistic anatomy, sharp focus, balanced composition, and no visual distortions."
"S042","A manager is the main subject, shown inside a retail appliance store. The manager is assigning customer service role to employee who previously struggled with technical tasks. Visible in the frame near the manager: customer service role to employee who previously struggled with technical tasks. The manager is positioned in the center of the frame, facing the camera at a natural angle. The setting is a retail appliance store. The manager wears ordinary contemporary clothing. The image is framed as a medium shot, waist-up, centered on the subject. Bright, even retail store lighting fills the space. Rows of display appliances are visible behind the subject. The subject's face and hands are clearly visible with natural body proportions, realistic anatomy, sharp focus, balanced composition, and no visual distortions."
"S043","A volunteer coordinator is the main subject, shown inside a home living room. The volunteer coordinator is organizing fresh vegetable boxes for weekly senior delivery program. Visible in the frame near the volunteer coordinator: fresh vegetable boxes for weekly senior delivery program. The volunteer coordinator is positioned in the center of the frame, facing the camera at a natural angle. The setting is a home living room. The volunteer coordinator wears ordinary contemporary clothing. The image is framed as a medium shot, waist-up, centered on the subject. Soft, natural indoor lighting fills the room. Simple household furniture is visible behind the subject. The subject's face and hands are clearly visible with natural body proportions, realistic anatomy, sharp focus, balanced composition, and no visual distortions."
"S044","An engineering professor is the main subject, shown inside a classroom. The engineering professor is creating summer internship pipeline with local tech companies. Visible in the frame near the engineering professor: summer internship pipeline with local tech companies. The engineering professor is positioned in the center of the frame, facing the camera at a natural angle. The setting is a classroom. The engineering professor wears plain contemporary clothing. The image is framed as an eye-level medium shot centered on the subject. Natural daylight enters through classroom windows, softly illuminating the scene. Rows of wooden desks and a large chalkboard are visible behind the subject. The subject's face and hands are clearly visible with natural body proportions, realistic anatomy, sharp focus, balanced composition, and no visual distortions."
"S045","The parents are the main subject, shown inside a home bedroom. The parents are establishing consistent 7: 30pm bedtime routine with story and cuddle for toddler. Visible in the frame near the parents: consistent 7: 30pm bedtime routine with story and cuddle for toddler. The parents is positioned in the center of the frame, facing the camera at a natural angle. The setting is a home bedroom. The parents wear ordinary contemporary home clothing. The image is framed as a medium shot centered on the subject. Soft, dim evening lighting fills the bedroom. A bed with pillows and blankets is visible behind the subject. The subject's face and hands are clearly visible with natural body proportions, realistic anatomy, sharp focus, balanced composition, and no visual distortions."
"S046","A neighborhood is the main subject, shown inside a home dining room. The neighborhood is sharing potluck meal. Visible in the frame near the neighborhood: potluck meal. The neighborhood is positioned in the center of the frame, facing the camera at a natural angle. The setting is a home dining room. The neighborhood wears ordinary contemporary home clothing. The image is framed as a medium shot, waist-up, centered on the subject and the table. Warm daylight fills the dining room. A dining table with plates and serving dishes is visible behind the subject. The subject's face and hands are clearly visible with natural body proportions, realistic anatomy, sharp focus, balanced composition, and no visual distortions."
"S047","The software team are the main subject, shown inside a modern office. The software team are celebrating with coffee and smiles when critical server finally receives upgrade patch. Visible in the frame near the software team: with coffee and smiles. The software team is positioned in the center of the frame, facing the camera at a natural angle. The setting is a modern office. The software team wear ordinary contemporary office attire. The image is framed as a medium shot, waist-up, centered on the subject. Soft indoor lighting fills the office. Desks, computer monitors, and office partitions are visible behind the subject. The subject's face and hands are clearly visible with natural body proportions, realistic anatomy, sharp focus, balanced composition, and no visual distortions."
"S048","A family is the main subject, shown inside a home kitchen. The family is expressing relief when primary breadwinner signs stable employment contract. Visible in the frame near the family: relief. The family is positioned in the center of the frame, facing the camera at a natural angle. The setting is a home kitchen. The family wears ordinary contemporary home clothing. The image is framed as a medium shot, waist-up, centered on the subject. Warm daylight enters through a kitchen window. Kitchen counters, a stove, and cooking utensils are visible behind the subject. The subject's face and hands are clearly visible with natural body proportions, realistic anatomy, sharp focus, balanced composition, and no visual distortions."
"S049","A volunteer literature student is the main subject, shown inside a classroom. The volunteer literature student is helping struggling reader discover passion through graphic novels. Visible in the frame near the volunteer literature student: struggling reader discover passion through graphic novels. The volunteer literature student is positioned in the center of the frame, facing the camera at a natural angle. The setting is a classroom. The volunteer literature student wears plain contemporary clothing. The image is framed as an eye-level medium shot centered on the subject. Natural daylight enters through classroom windows, softly illuminating the scene. Rows of wooden desks and a large chalkboard are visible behind the subject. The subject's face and hands are clearly visible with natural body proportions, realistic anatomy, sharp focus, balanced composition, and no visual distortions."
"S050","A career counselor is the main subject, shown inside a modern office. The career counselor is helping former accountant transition to UX design using transferable analytical skills. Visible in the frame near the career counselor: former accountant transition to UX design using transferable analytical skills. The career counselor is positioned in the center of the frame, facing the camera at a natural angle. The setting is a modern office. The career counselor wears ordinary contemporary office attire. The image is framed as a medium shot, waist-up, centered on the subject. Soft indoor lighting fills the office. Desks, computer monitors, and office partitions are visible behind the subject. The subject's face and hands are clearly visible with natural body proportions, realistic anatomy, sharp focus, balanced composition, and no visual distortions."
"S051","A supervisor is the main subject, shown inside a modern office. The supervisor is noticing employee's talent for visual organization and assigning to inventory management role. Visible in the frame near the supervisor: employee's talent for visual organization and assigning to inventory management role. The supervisor is positioned in the center of the frame, facing the camera at a natural angle. The setting is a modern office. The supervisor wears ordinary contemporary office attire. The image is framed as a medium shot, waist-up, centered on the subject. Soft indoor lighting fills the office. Desks, computer monitors, and office partitions are visible behind the subject. The subject's face and hands are clearly visible with natural body proportions, realistic anatomy, sharp focus, balanced composition, and no visual distortions."
"S052","A person is the main subject, shown inside a home living room. The person is choosing 8 hours of sleep over late- night streaming session. Visible in the frame near the person: 8 hours of sleep over late- night streaming session. The person is positioned in the center of the frame, facing the camera at a natural angle. The setting is a home living room. The person wears ordinary contemporary clothing. The image is framed as a medium shot, waist-up, centered on the subject. Soft, natural indoor lighting fills the room. Simple household furniture is visible behind the subject. The subject's face and hands are clearly visible with natural body proportions, realistic anatomy, sharp focus, balanced composition, and no visual distortions."
"S053","A software developer is the main subject, shown inside a modern office. The software developer is prioritizing daily code fundamentals practice over learning trendy frameworks. Visible in the frame near the software developer: daily code fundamentals practice over learning trendy frameworks. The software developer is positioned in the center of the frame, facing the camera at a natural angle. The setting is a modern office. The software developer wears ordinary contemporary office attire. The image is framed as a medium shot, waist-up, centered on the subject. Soft indoor lighting fills the office. Desks, computer monitors, and office partitions are visible behind the subject. The subject's face and hands are clearly visible with natural body proportions, realistic anatomy, sharp focus, balanced composition, and no visual distortions."
"S054","A parent is the main subject, shown inside a hospital consultation room. The parent is realizing consistent homework routine matters more than occasional ice cream reward for grades. Visible in the frame near the parent: consistent homework routine matters more than occasional ice cream reward for grades. The parent is positioned in the center of the frame, facing the camera at a natural angle. The setting is a hospital consultation room. The parent wears a plain hospital uniform. The image is framed as a medium shot, waist-up, centered on the subject. Soft, even indoor lighting fills the room. Medical equipment and a hospital bed are visible behind the subject. The subject's face and hands are clearly visible with natural body proportions, realistic anatomy, sharp focus, balanced composition, and no visual distortions."
"S055","A medical student is the main subject, shown inside a classroom. The medical student is spending extra time mastering anatomy memorization. Visible in the frame near the medical student: extra time mastering anatomy memorization. The medical student is positioned in the center of the frame, facing the camera at a natural angle. The setting is a classroom. The medical student wears plain contemporary clothing. The image is framed as an eye-level medium shot centered on the subject. Natural daylight enters through classroom windows, softly illuminating the scene. Rows of wooden desks and a large chalkboard are visible behind the subject. The subject's face and hands are clearly visible with natural body proportions, realistic anatomy, sharp focus, balanced composition, and no visual distortions."
"S056","A graphic designer is the main subject, shown inside a home studio desk area. The graphic designer is practicing hand- lettering basics for 30 minutes daily. Visible in the frame near the graphic designer: hand- lettering basics for 30 minutes daily. The graphic designer is positioned in the center of the frame, facing the camera at a natural angle. The setting is a home studio desk area. The graphic designer wears ordinary contemporary clothing. The image is framed as a medium shot, waist-up, centered on the subject and the desk. Soft daylight from a nearby window illuminates the desk. A desk with papers and creative materials is visible behind the subject. The subject's face and hands are clearly visible with natural body proportions, realistic anatomy, sharp focus, balanced composition, and no visual distortions."
"S057","The parents are the main subject, shown inside a home dining room. The parents are making family dinner together without screens their highest priority weekday evening. Visible in the frame near the parents: family dinner together. The parents is positioned in the center of the frame, facing the camera at a natural angle. The setting is a home dining room. The parents wear ordinary contemporary home clothing. The image is framed as a medium shot, waist-up, centered on the subject and the table. Warm daylight fills the dining room. A dining table with plates and serving dishes is visible behind the subject. The subject's face and hands are clearly visible with natural body proportions, realistic anatomy, sharp focus, balanced composition, and no visual distortions."
"S058","A senior software engineer pair- is the main subject, shown inside a modern office. The senior software engineer pair- is programming with new hire during company's temporary slowdown. Visible in the frame near the senior software engineer pair-: with new hire. The senior software engineer pair- is positioned in the center of the frame, facing the camera at a natural angle. The setting is a modern office. The senior software engineer pair- wears ordinary contemporary office attire. The image is framed as a medium shot, waist-up, centered on the subject. Soft indoor lighting fills the office. Desks, computer monitors, and office partitions are visible behind the subject. The subject's face and hands are clearly visible with natural body proportions, realistic anatomy, sharp focus, balanced composition, and no visual distortions."
"S059","A family is the main subject, shown inside an outdoor market street. The family is sharing portion of their grocery bounty with neighbors who lost work hours. Visible in the frame near the family: portion of their grocery bounty with neighbors who lost work hours. The family is positioned in the center of the frame, facing the camera at a natural angle. The setting is an outdoor market street. The family wears ordinary contemporary clothing. The image is framed as a medium shot, waist-up, centered on the subject. Bright midday daylight illuminates the street. Market stalls and passersby are visible behind the subject. The subject's face and hands are clearly visible with natural body proportions, realistic anatomy, sharp focus, balanced composition, and no visual distortions."
"S060","An established restaurant is the main subject, shown inside a restaurant dining area. The established restaurant is donating excess prepared food to shelter during economic downturn. Visible in the frame near the established restaurant: excess prepared food to shelter. The established restaurant is positioned in the center of the frame, facing the camera at a natural angle. The setting is a restaurant dining area. The established restaurant wears ordinary contemporary clothing or an apron. The image is framed as a medium shot, waist-up, centered on the subject. Warm indoor restaurant lighting fills the space. Restaurant tables and place settings are visible behind the subject. The subject's face and hands are clearly visible with natural body proportions, realistic anatomy, sharp focus, balanced composition, and no visual distortions."
"S061","A financial analyst is the main subject, shown inside a modern office. The financial analyst is verifying transaction details against source documents. Visible in the frame near the financial analyst: transaction details against source documents. The financial analyst is positioned in the center of the frame, facing the camera at a natural angle. The setting is a modern office. The financial analyst wears ordinary contemporary office attire. The image is framed as a medium shot, waist-up, centered on the subject. Soft indoor lighting fills the office. Desks, computer monitors, and office partitions are visible behind the subject. The subject's face and hands are clearly visible with natural body proportions, realistic anatomy, sharp focus, balanced composition, and no visual distortions."
"S062","A witness is the main subject, shown inside a courtroom. The witness is describing incident facts consistently to investigator despite suggestive questioning. Visible in the frame near the witness: incident facts consistently to investigator. The witness is positioned in the center of the frame, facing the camera at a natural angle. The setting is a courtroom. The witness wears formal professional attire. The image is framed as a medium shot, waist-up, centered on the subject. Even, formal indoor lighting fills the courtroom. A judge's bench or witness stand and wood-paneled walls are visible behind the subject. The subject's face and hands are clearly visible with natural body proportions, realistic anatomy, sharp focus, balanced composition, and no visual distortions."
"S063","A restaurant server is the main subject, shown inside a restaurant dining area. The restaurant server is informing diner about unexpected preparation error in their Ordered meal. Visible in the frame near the restaurant server: diner about unexpected preparation error in their Ordered meal. The restaurant server is positioned in the center of the frame, facing the camera at a natural angle. The setting is a restaurant dining area. The restaurant server wears ordinary contemporary clothing or an apron. The image is framed as a medium shot, waist-up, centered on the subject. Warm indoor restaurant lighting fills the space. Restaurant tables and place settings are visible behind the subject. The subject's face and hands are clearly visible with natural body proportions, realistic anatomy, sharp focus, balanced composition, and no visual distortions."
"S064","A physician is the main subject, shown inside a hospital consultation room. The physician is extending appointment time for elderly patient to fully express health concerns. Visible in the frame near the physician: appointment time for elderly patient to fully express health concerns. The physician is positioned in the center of the frame, facing the camera at a natural angle. The setting is a hospital consultation room. The physician wears a plain hospital uniform. The image is framed as a medium shot, waist-up, centered on the subject. Soft, even indoor lighting fills the room. Medical equipment and a hospital bed are visible behind the subject. The subject's face and hands are clearly visible with natural body proportions, realistic anatomy, sharp focus, balanced composition, and no visual distortions."
"S065","An instructor is the main subject, shown inside a classroom. The instructor is creating simplified practice worksheet for student struggling with math concept. Visible in the frame near the instructor: simplified practice worksheet for student struggling with math concept. The instructor is positioned in the center of the frame, facing the camera at a natural angle. The setting is a classroom. The instructor wears plain contemporary clothing. The image is framed as an eye-level medium shot centered on the subject. Natural daylight enters through classroom windows, softly illuminating the scene. Rows of wooden desks and a large chalkboard are visible behind the subject. The subject's face and hands are clearly visible with natural body proportions, realistic anatomy, sharp focus, balanced composition, and no visual distortions."
"S066","A bakery worker is the main subject, shown inside a home kitchen. The bakery worker is packaging day- old bread loaves for individuals experiencing food insecurity. Visible in the frame near the bakery worker: day- old bread loaves for individuals experiencing food insecurity. The bakery worker is positioned in the center of the frame, facing the camera at a natural angle. The setting is a home kitchen. The bakery worker wears ordinary contemporary home clothing. The image is framed as a medium shot, waist-up, centered on the subject. Warm daylight enters through a kitchen window. Kitchen counters, a stove, and cooking utensils are visible behind the subject. The subject's face and hands are clearly visible with natural body proportions, realistic anatomy, sharp focus, balanced composition, and no visual distortions."
"S067","An athletic trainer is the main subject, shown inside a hospital consultation room. The athletic trainer is guiding patient through prescribed rehabilitation exercises despite monotony. Visible in the frame near the athletic trainer: patient through prescribed rehabilitation exercises. The athletic trainer is positioned in the center of the frame, facing the camera at a natural angle. The setting is a hospital consultation room. The athletic trainer wears a plain hospital uniform. The image is framed as a medium shot, waist-up, centered on the subject. Soft, even indoor lighting fills the room. Medical equipment and a hospital bed are visible behind the subject. The subject's face and hands are clearly visible with natural body proportions, realistic anatomy, sharp focus, balanced composition, and no visual distortions."
"S068","An accountant is the main subject, shown inside a modern office. The accountant is reviewing professional certification materials during lunch break instead of socializing. Visible in the frame near the accountant: professional certification materials. The accountant is positioned in the center of the frame, facing the camera at a natural angle. The setting is a modern office. The accountant wears ordinary contemporary office attire. The image is framed as a medium shot, waist-up, centered on the subject. Soft indoor lighting fills the office. Desks, computer monitors, and office partitions are visible behind the subject. The subject's face and hands are clearly visible with natural body proportions, realistic anatomy, sharp focus, balanced composition, and no visual distortions."
"S069","A driver is the main subject, shown inside the interior of a car on a rural highway. The driver is maintaining legal speed limit on deserted rural highway during late evening hours. Visible in the frame near the driver: legal speed limit on deserted rural highway. The driver is positioned in the center of the frame, facing the camera at a natural angle. The setting is the interior of a car on a rural highway. The driver wears ordinary contemporary clothing. The image is framed as a medium shot from the passenger side, centered on the subject. Soft evening daylight filters through the car windows. An empty rural highway stretches ahead through the windshield. The subject's face and hands are clearly visible with natural body proportions, realistic anatomy, sharp focus, balanced composition, and no visual distortions."
"S070","A property manager is the main subject, shown inside a modern office. The property manager is applying identical monthly rent rate to all residential units in complex. Visible in the frame near the property manager: identical monthly rent rate to all residential units in complex. The property manager is positioned in the center of the frame, facing the camera at a natural angle. The setting is a modern office. The property manager wears ordinary contemporary office attire. The image is framed as a medium shot, waist-up, centered on the subject. Soft indoor lighting fills the office. Desks, computer monitors, and office partitions are visible behind the subject. The subject's face and hands are clearly visible with natural body proportions, realistic anatomy, sharp focus, balanced composition, and no visual distortions."
"S071","A professor is the main subject, shown inside a classroom. The professor is evaluating all student essays using identical detailed grading rubric without exception. Visible in the frame near the professor: all student essays using identical detailed grading rubric. The professor is positioned in the center of the frame, facing the camera at a natural angle. The setting is a classroom. The professor wears plain contemporary clothing. The image is framed as an eye-level medium shot centered on the subject. Natural daylight enters through classroom windows, softly illuminating the scene. Rows of wooden desks and a large chalkboard are visible behind the subject. The subject's face and hands are clearly visible with natural body proportions, realistic anatomy, sharp focus, balanced composition, and no visual distortions."
"S072","A hiring specialist is the main subject, shown inside a modern office. The hiring specialist is assessing all job candidates using standardized competency evaluation checklist. Visible in the frame near the hiring specialist: all job candidates using standardized competency evaluation checklist. The hiring specialist is positioned in the center of the frame, facing the camera at a natural angle. The setting is a modern office. The hiring specialist wears ordinary contemporary office attire. The image is framed as a medium shot, waist-up, centered on the subject. Soft indoor lighting fills the office. Desks, computer monitors, and office partitions are visible behind the subject. The subject's face and hands are clearly visible with natural body proportions, realistic anatomy, sharp focus, balanced composition, and no visual distortions."
"S073","A project leader is the main subject, shown inside a modern office. The project leader is acknowledging overly optimistic timeline estimate during stakeholder progress meeting. Visible in the frame near the project leader: overly optimistic timeline estimate. The project leader is positioned in the center of the frame, facing the camera at a natural angle. The setting is a modern office. The project leader wears ordinary contemporary office attire. The image is framed as a medium shot, waist-up, centered on the subject. Soft indoor lighting fills the office. Desks, computer monitors, and office partitions are visible behind the subject. The subject's face and hands are clearly visible with natural body proportions, realistic anatomy, sharp focus, balanced composition, and no visual distortions."
"S074","A registered nurse is the main subject, shown inside a hospital consultation room. The registered nurse is verifying medication administration records on a clipboard at a hospital nurses' station after the scheduled shift has ended. A clipboard with medication charts is held in the nurse's hands, and a wall clock shows a late hour. The nurse stands at the nurses' station in the foreground, with an empty hospital corridor extending behind. The setting is a hospital consultation room. The registered nurse wears a plain hospital uniform. The image is framed as a medium shot, waist-up, centered on the subject. Soft, even indoor lighting fills the room. Medical equipment and a hospital bed are visible behind the subject. The subject's face and hands are clearly visible with natural body proportions, realistic anatomy, sharp focus, balanced composition, and no visual distortions."
"S075","A production line supervisor is the main subject, shown inside a construction site. The production line supervisor is conducting equipment safety inspection. Visible in the frame near the production line supervisor: equipment safety inspection. The production line supervisor is positioned in the center of the frame, facing the camera at a natural angle. The setting is a construction site. The production line supervisor wears a hard hat, high-visibility vest, and work clothing. The image is framed as a medium shot, waist-up, centered on the subject. Overcast daylight illuminates the site evenly. Unfinished building structures and construction equipment are visible behind the subject. The subject's face and hands are clearly visible with natural body proportions, realistic anatomy, sharp focus, balanced composition, and no visual distortions."
"S076","A homeowner is the main subject, shown inside a construction site. The homeowner is obtaining written cost estimates from three licensed contractors for bathroom renovation. Visible in the frame near the homeowner: written cost estimates from three licensed contractors for bathroom renovation. The homeowner is positioned in the center of the frame, facing the camera at a natural angle. The setting is a construction site. The homeowner wears a hard hat, high-visibility vest, and work clothing. The image is framed as a medium shot, waist-up, centered on the subject. Overcast daylight illuminates the site evenly. Unfinished building structures and construction equipment are visible behind the subject. The subject's face and hands are clearly visible with natural body proportions, realistic anatomy, sharp focus, balanced composition, and no visual distortions."
"S077","A research scientist is the main subject, shown inside a research laboratory. The research scientist is comparing methodology sections of five studies. Visible in the frame near the research scientist: methodology sections of five studies. The research scientist is positioned in the center of the frame, facing the camera at a natural angle. The setting is a research laboratory. The research scientist wears a plain lab coat over contemporary clothing. The image is framed as a medium shot centered on the subject and the equipment. Bright, even overhead laboratory lighting fills the room. Laboratory benches with glassware and equipment are visible behind the subject. The subject's face and hands are clearly visible with natural body proportions, realistic anatomy, sharp focus, balanced composition, and no visual distortions."
"S078","A customer is the main subject, shown inside a retail appliance store. The customer is testing display model refrigerator functionality. Visible in the frame near the customer: display model refrigerator functionality. The customer is positioned in the center of the frame, facing the camera at a natural angle. The setting is a retail appliance store. The customer wears ordinary contemporary clothing. The image is framed as a medium shot, waist-up, centered on the subject. Bright, even retail store lighting fills the space. Rows of display appliances are visible behind the subject. The subject's face and hands are clearly visible with natural body proportions, realistic anatomy, sharp focus, balanced composition, and no visual distortions."
"S079","A laboratory technician is the main subject, shown inside a research laboratory. The laboratory technician is repeating chemical synthesis procedure. Visible in the frame near the laboratory technician: chemical synthesis procedure. The laboratory technician is positioned in the center of the frame, facing the camera at a natural angle. The setting is a research laboratory. The laboratory technician wears a plain lab coat over contemporary clothing. The image is framed as a medium shot centered on the subject and the equipment. Bright, even overhead laboratory lighting fills the room. Laboratory benches with glassware and equipment are visible behind the subject. The subject's face and hands are clearly visible with natural body proportions, realistic anatomy, sharp focus, balanced composition, and no visual distortions."
"S080","A fiction author is the main subject, shown inside a home studio desk area. The fiction author is revising novel chapter incorporating editor's structural feedback and suggestions. Visible in the frame near the fiction author: novel chapter incorporating editor's structural feedback and suggestions. The fiction author is positioned in the center of the frame, facing the camera at a natural angle. The setting is a home studio desk area. The fiction author wears ordinary contemporary clothing. The image is framed as a medium shot, waist-up, centered on the subject and the desk. Soft daylight from a nearby window illuminates the desk. A desk with papers and creative materials is visible behind the subject. The subject's face and hands are clearly visible with natural body proportions, realistic anatomy, sharp focus, balanced composition, and no visual distortions."
"S081","A horticulturalist is the main subject, shown inside an outdoor garden. The horticulturalist is providing mechanical frost protection for vegetable seedlings during cold snap. Visible in the frame near the horticulturalist: mechanical frost protection for vegetable seedlings. The horticulturalist is positioned in the center of the frame, facing the camera at a natural angle. The setting is an outdoor garden. The horticulturalist wears ordinary contemporary outdoor clothing. The image is framed as a medium shot, waist-up, centered on the subject. Natural daylight illuminates the garden. Rows of plants and garden tools are visible behind the subject. The subject's face and hands are clearly visible with natural body proportions, realistic anatomy, sharp focus, balanced composition, and no visual distortions."
"S082","A subject matter expert is the main subject, shown inside a home living room. The subject matter expert is acknowledging knowledge limits when asked question outside specialty area. Visible in the frame near the subject matter expert: knowledge limits. The subject matter expert is positioned in the center of the frame, facing the camera at a natural angle. The setting is a home living room. The subject matter expert wears ordinary contemporary clothing. The image is framed as a medium shot, waist-up, centered on the subject. Soft, natural indoor lighting fills the room. Simple household furniture is visible behind the subject. The subject's face and hands are clearly visible with natural body proportions, realistic anatomy, sharp focus, balanced composition, and no visual distortions."
"S083","An award recipient is the main subject, shown inside a hospital consultation room. The award recipient is recognizing artistic predecessors and formative mentors during acceptance remarks. Visible in the frame near the award recipient: artistic predecessors and formative mentors. The award recipient is positioned in the center of the frame, facing the camera at a natural angle. The setting is a hospital consultation room. The award recipient wears a plain hospital uniform. The image is framed as a medium shot, waist-up, centered on the subject. Soft, even indoor lighting fills the room. Medical equipment and a hospital bed are visible behind the subject. The subject's face and hands are clearly visible with natural body proportions, realistic anatomy, sharp focus, balanced composition, and no visual distortions."
"S084","A business founder is the main subject, shown inside the interior of a public bus. The business founder is describing early venture failures and strategic pivots during networking event. Visible in the frame near the business founder: early venture failures and strategic pivots. The business founder is positioned in the center of the frame, facing the camera at a natural angle. The setting is the interior of a public bus. The business founder wears ordinary contemporary clothing. The image is framed as a medium shot, waist-up, centered on the subject. Even daylight enters through the bus windows. Rows of seats and standing passengers are visible behind the subject. The subject's face and hands are clearly visible with natural body proportions, realistic anatomy, sharp focus, balanced composition, and no visual distortions."
"S085","An office worker is the main subject, shown inside a modern office. The office worker is bringing prepared lunch from home finding satisfaction in homemade midday meal. Visible in the frame near the office worker: prepared lunch from home finding satisfaction in homemade midday meal. The office worker is positioned in the center of the frame, facing the camera at a natural angle. The setting is a modern office. The office worker wears ordinary contemporary office attire. The image is framed as a medium shot, waist-up, centered on the subject. Soft indoor lighting fills the office. Desks, computer monitors, and office partitions are visible behind the subject. The subject's face and hands are clearly visible with natural body proportions, realistic anatomy, sharp focus, balanced composition, and no visual distortions."
"S086","A family members gathered around table is the main subject, shown inside a home living room. The family members gathered around table is participating in traditional weekend card game together. Visible in the frame near the family members gathered around table: in traditional weekend card game together. The family members gathered around table is positioned in the center of the frame, facing the camera at a natural angle. The setting is a home living room. The family members gathered around table wears ordinary contemporary home clothing. The image is framed as a medium shot, waist-up, centered on the subject. Soft warm indoor lighting fills the living room. A sofa and household furniture are visible behind the subject. The subject's face and hands are clearly visible with natural body proportions, realistic anatomy, sharp focus, balanced composition, and no visual distortions."
"S087","A knowledge worker is the main subject, shown inside a home living room. The knowledge worker is experiencing professional contentment from consistently organized digital workspace. Visible in the frame near the knowledge worker: professional contentment from consistently organized digital workspace. The knowledge worker is positioned in the center of the frame, facing the camera at a natural angle. The setting is a home living room. The knowledge worker wears ordinary contemporary clothing. The image is framed as a medium shot, waist-up, centered on the subject. Soft, natural indoor lighting fills the room. Simple household furniture is visible behind the subject. The subject's face and hands are clearly visible with natural body proportions, realistic anatomy, sharp focus, balanced composition, and no visual distortions."
"S088","A professional is the main subject, shown inside a home prayer area. The professional is scheduling fixed morning time daily for personal spiritual scripture study practice. Visible in the frame near the professional: fixed morning time daily for personal spiritual scripture study practice. The professional is positioned in the center of the frame, facing the camera at a natural angle. The setting is a home prayer area. The professional wears ordinary contemporary clothing. The image is framed as a medium shot centered on the subject. Soft, warm indoor lighting illuminates the scene. A small altar with a lamp and religious items is visible behind the subject. The subject's face and hands are clearly visible with natural body proportions, realistic anatomy, sharp focus, balanced composition, and no visual distortions."
"S089","A worshipper is the main subject, shown inside a home prayer area. The worshipper is utilizing available public transportation to attend weekly service during inclement weather. Visible in the frame near the worshipper: available public transportation to attend weekly service. The worshipper is positioned in the center of the frame, facing the camera at a natural angle. The setting is a home prayer area. The worshipper wears ordinary contemporary clothing. The image is framed as a medium shot centered on the subject. Soft, warm indoor lighting illuminates the scene. A small altar with a lamp and religious items is visible behind the subject. The subject's face and hands are clearly visible with natural body proportions, realistic anatomy, sharp focus, balanced composition, and no visual distortions."
"S090","A participant is the main subject, shown inside a home prayer area. The participant is maintaining religious dietary observances throughout festival despite social encouragement to relax. Visible in the frame near the participant: religious dietary observances throughout festival. The participant is positioned in the center of the frame, facing the camera at a natural angle. The setting is a home prayer area. The participant wears ordinary contemporary clothing. The image is framed as a medium shot centered on the subject. Soft, warm indoor lighting illuminates the scene. A small altar with a lamp and religious items is visible behind the subject. The subject's face and hands are clearly visible with natural body proportions, realistic anatomy, sharp focus, balanced composition, and no visual distortions."
"S093","The software engineering team are the main subject, shown inside a modern office. The software engineering team are reviewing security scan reports. Visible in the frame near the software engineering team: security scan reports. The software engineering team is positioned in the center of the frame, facing the camera at a natural angle. The setting is a modern office. The software engineering team wear ordinary contemporary office attire. The image is framed as a medium shot, waist-up, centered on the subject. Soft indoor lighting fills the office. Desks, computer monitors, and office partitions are visible behind the subject. The subject's face and hands are clearly visible with natural body proportions, realistic anatomy, sharp focus, balanced composition, and no visual distortions."
"S095","A technical lead is the main subject, shown inside a modern office. The technical lead is reviewing unresolved security issues with developers during a sprint meeting. Visible in the frame near the technical lead: unresolved security issues with developers. The technical lead is positioned in the center of the frame, facing the camera at a natural angle. The setting is a modern office. The technical lead wears ordinary contemporary office attire. The image is framed as a medium shot, waist-up, centered on the subject. Soft indoor lighting fills the office. Desks, computer monitors, and office partitions are visible behind the subject. The subject's face and hands are clearly visible with natural body proportions, realistic anatomy, sharp focus, balanced composition, and no visual distortions."
"S096","A customer service representative is the main subject, shown inside a retail appliance store. The customer service representative is patiently assisting a frustrated customer at a help desk. Visible in the frame near the customer service representative: assisting a frustrated customer at a help desk. The customer service representative is positioned in the center of the frame, facing the camera at a natural angle. The setting is a retail appliance store. The customer service representative wears ordinary contemporary clothing. The image is framed as a medium shot, waist-up, centered on the subject. Bright, even retail store lighting fills the space. Rows of display appliances are visible behind the subject. The subject's face and hands are clearly visible with natural body proportions, realistic anatomy, sharp focus, balanced composition, and no visual distortions."
"S098","The office employees are the main subject, shown inside a modern office. The office employees are taking a lunch break together in the company cafeteria. Visible in the frame near the office employees: a lunch break together in the company cafeteria. The office employees is positioned in the center of the frame, facing the camera at a natural angle. The setting is a modern office. The office employees wear ordinary contemporary office attire. The image is framed as a medium shot, waist-up, centered on the subject. Soft indoor lighting fills the office. Desks, computer monitors, and office partitions are visible behind the subject. The subject's face and hands are clearly visible with natural body proportions, realistic anatomy, sharp focus, balanced composition, and no visual distortions."
"S100","An iT support technician is the main subject, shown inside a modern office. The iT support technician is guiding a user through troubleshooting over a video call. Visible in the frame near the iT support technician: a user through troubleshooting over a video call. The iT support technician is positioned in the center of the frame, facing the camera at a natural angle. The setting is a modern office. The iT support technician wears ordinary contemporary office attire. The image is framed as a medium shot, waist-up, centered on the subject. Soft indoor lighting fills the office. Desks, computer monitors, and office partitions are visible behind the subject. The subject's face and hands are clearly visible with natural body proportions, realistic anatomy, sharp focus, balanced composition, and no visual distortions."
"S101","The university students are the main subject, shown inside a classroom. The university students are working on a semester project several weeks. Visible in the frame near the university students: on a semester project several weeks. The university students is positioned in the center of the frame, facing the camera at a natural angle. The setting is a classroom. The university students wear plain contemporary clothing. The image is framed as an eye-level medium shot centered on the subject. Natural daylight enters through classroom windows, softly illuminating the scene. Rows of wooden desks and a large chalkboard are visible behind the subject. The subject's face and hands are clearly visible with natural body proportions, realistic anatomy, sharp focus, balanced composition, and no visual distortions."
"S102","A corporate trainer is the main subject, shown inside a modern office. The corporate trainer is demonstrating software features during an employee workshop. Visible in the frame near the corporate trainer: software features. The corporate trainer is positioned in the center of the frame, facing the camera at a natural angle. The setting is a modern office. The corporate trainer wears ordinary contemporary office attire. The image is framed as a medium shot, waist-up, centered on the subject. Soft indoor lighting fills the office. Desks, computer monitors, and office partitions are visible behind the subject. The subject's face and hands are clearly visible with natural body proportions, realistic anatomy, sharp focus, balanced composition, and no visual distortions."
"S104","The nursing students are the main subject, shown inside a classroom. The nursing students are practicing medication dosage calculations in a clinical simulation lab. Visible in the frame near the nursing students: medication dosage calculations in a clinical simulation lab. The nursing students is positioned in the center of the frame, facing the camera at a natural angle. The setting is a classroom. The nursing students wear plain contemporary clothing. The image is framed as an eye-level medium shot centered on the subject. Natural daylight enters through classroom windows, softly illuminating the scene. Rows of wooden desks and a large chalkboard are visible behind the subject. The subject's face and hands are clearly visible with natural body proportions, realistic anatomy, sharp focus, balanced composition, and no visual distortions."
"S105","A parent is the main subject, shown inside a home bedroom. The parent is helping a teenager organize and clean a messy bedroom together. Visible in the frame near the parent: a teenager organize and clean a messy bedroom together. The parent is positioned in the center of the frame, facing the camera at a natural angle. The setting is a home bedroom. The parent wears ordinary contemporary home clothing. The image is framed as a medium shot centered on the subject. Soft, dim evening lighting fills the bedroom. A bed with pillows and blankets is visible behind the subject. The subject's face and hands are clearly visible with natural body proportions, realistic anatomy, sharp focus, balanced composition, and no visual distortions."
"S107","A family is the main subject, shown inside a home dining room. The family is sharing dinner together. Visible in the frame near the family: dinner together. The family is positioned in the center of the frame, facing the camera at a natural angle. The setting is a home dining room. The family wears ordinary contemporary home clothing. The image is framed as a medium shot, waist-up, centered on the subject and the table. Warm daylight fills the dining room. A dining table with plates and serving dishes is visible behind the subject. The subject's face and hands are clearly visible with natural body proportions, realistic anatomy, sharp focus, balanced composition, and no visual distortions."
"S108","The grandparents are the main subject, shown inside a home living room. The grandparents are spending quality time with grandchildren during a weekend family gathering. Visible in the frame near the grandparents: quality time with grandchildren. The grandparents is positioned in the center of the frame, facing the camera at a natural angle. The setting is a home living room. The grandparents wear ordinary contemporary clothing. The image is framed as a medium shot, waist-up, centered on the subject. Soft, natural indoor lighting fills the room. Simple household furniture is visible behind the subject. The subject's face and hands are clearly visible with natural body proportions, realistic anatomy, sharp focus, balanced composition, and no visual distortions."
"S109","The project team are the main subject, shown inside a modern office. The project team are reviewing completed tasks during a weekly progress meeting. Visible in the frame near the project team: completed tasks. The project team is positioned in the center of the frame, facing the camera at a natural angle. The setting is a modern office. The project team wear ordinary contemporary office attire. The image is framed as a medium shot, waist-up, centered on the subject. Soft indoor lighting fills the office. Desks, computer monitors, and office partitions are visible behind the subject. The subject's face and hands are clearly visible with natural body proportions, realistic anatomy, sharp focus, balanced composition, and no visual distortions."
"S111","The construction workers are the main subject, shown inside a construction site. The construction workers are cleaning and organizing the worksite. Visible in the frame near the construction workers: and organizing the worksite. The construction workers is positioned in the center of the frame, facing the camera at a natural angle. The setting is a construction site. The construction workers wear a hard hat, high-visibility vest, and work clothing. The image is framed as a medium shot, waist-up, centered on the subject. Overcast daylight illuminates the site evenly. Unfinished building structures and construction equipment are visible behind the subject. The subject's face and hands are clearly visible with natural body proportions, realistic anatomy, sharp focus, balanced composition, and no visual distortions."
"S112","A doctor is the main subject, shown inside a hospital consultation room. The doctor is updating a patient's medical records. Visible in the frame near the doctor: a patient's medical records. The doctor is positioned in the center of the frame, facing the camera at a natural angle. The setting is a hospital consultation room. The doctor wears a plain hospital uniform. The image is framed as a medium shot, waist-up, centered on the subject. Soft, even indoor lighting fills the room. Medical equipment and a hospital bed are visible behind the subject. The subject's face and hands are clearly visible with natural body proportions, realistic anatomy, sharp focus, balanced composition, and no visual distortions."
"S113","A financial advisor is the main subject, shown inside a home living room. The financial advisor is explaining a long- term investment plan to a client. Visible in the frame near the financial advisor: a long- term investment plan to a client. The financial advisor is positioned in the center of the frame, facing the camera at a natural angle. The setting is a home living room. The financial advisor wears ordinary contemporary clothing. The image is framed as a medium shot, waist-up, centered on the subject. Soft, natural indoor lighting fills the room. Simple household furniture is visible behind the subject. The subject's face and hands are clearly visible with natural body proportions, realistic anatomy, sharp focus, balanced composition, and no visual distortions."
"S115","An employee is the main subject, shown inside a modern office. The employee is carefully reviewing an email. Visible in the frame near the employee: reviewing an email. The employee is positioned in the center of the frame, facing the camera at a natural angle. The setting is a modern office. The employee wears ordinary contemporary office attire. The image is framed as a medium shot, waist-up, centered on the subject. Soft indoor lighting fills the office. Desks, computer monitors, and office partitions are visible behind the subject. The subject's face and hands are clearly visible with natural body proportions, realistic anatomy, sharp focus, balanced composition, and no visual distortions."
"S116","A fitness instructor is the main subject, shown inside a gym. The fitness instructor is demonstrating proper exercise technique to gym members. Visible in the frame near the fitness instructor: proper exercise technique to gym members. The fitness instructor is positioned in the center of the frame, facing the camera at a natural angle. The setting is a gym. The fitness instructor wears athletic sportswear. The image is framed as a medium shot, waist-up, centered on the subject. Bright, even indoor lighting fills the gym. Exercise equipment is visible behind the subject. The subject's face and hands are clearly visible with natural body proportions, realistic anatomy, sharp focus, balanced composition, and no visual distortions."
"S117","The employees are the main subject, shown inside a modern office. The employees are arriving early and preparing their workstations. Visible in the frame near the employees: early and preparing their workstations. The employees is positioned in the center of the frame, facing the camera at a natural angle. The setting is a modern office. The employees wear ordinary contemporary office attire. The image is framed as a medium shot, waist-up, centered on the subject. Soft indoor lighting fills the office. Desks, computer monitors, and office partitions are visible behind the subject. The subject's face and hands are clearly visible with natural body proportions, realistic anatomy, sharp focus, balanced composition, and no visual distortions."
"S119","The construction workers are the main subject, shown inside a construction site. The construction workers are inspecting completed work. Visible in the frame near the construction workers: completed work. The construction workers is positioned in the center of the frame, facing the camera at a natural angle. The setting is a construction site. The construction workers wear a hard hat, high-visibility vest, and work clothing. The image is framed as a medium shot, waist-up, centered on the subject. Overcast daylight illuminates the site evenly. Unfinished building structures and construction equipment are visible behind the subject. The subject's face and hands are clearly visible with natural body proportions, realistic anatomy, sharp focus, balanced composition, and no visual distortions."
"S120","A customer service representative is the main subject, shown inside a retail appliance store. The customer service representative is listening attentively while assisting a customer. Visible in the frame near the customer service representative: attentively. The customer service representative is positioned in the center of the frame, facing the camera at a natural angle. The setting is a retail appliance store. The customer service representative wears ordinary contemporary clothing. The image is framed as a medium shot, waist-up, centered on the subject. Bright, even retail store lighting fills the space. Rows of display appliances are visible behind the subject. The subject's face and hands are clearly visible with natural body proportions, realistic anatomy, sharp focus, balanced composition, and no visual distortions."
"S121","The hiring panel are the main subject, shown inside a modern office. The hiring panel are interviewing job candidates using a standardized evaluation process. Visible in the frame near the hiring panel: job candidates using a standardized evaluation process. The hiring panel is positioned in the center of the frame, facing the camera at a natural angle. The setting is a modern office. The hiring panel wear ordinary contemporary office attire. The image is framed as a medium shot, waist-up, centered on the subject. Soft indoor lighting fills the office. Desks, computer monitors, and office partitions are visible behind the subject. The subject's face and hands are clearly visible with natural body proportions, realistic anatomy, sharp focus, balanced composition, and no visual distortions."
"S123","The customer service staff are the main subject, shown inside a retail appliance store. The customer service staff are assisting different customers according to the same company policy. Visible in the frame near the customer service staff: different customers according to the same company policy. The customer service staff is positioned in the center of the frame, facing the camera at a natural angle. The setting is a retail appliance store. The customer service staff wear ordinary contemporary clothing. The image is framed as a medium shot, waist-up, centered on the subject. Bright, even retail store lighting fills the space. Rows of display appliances are visible behind the subject. The subject's face and hands are clearly visible with natural body proportions, realistic anatomy, sharp focus, balanced composition, and no visual distortions."
"S124","The school disciplinary committee are the main subject, shown inside a classroom. The school disciplinary committee are reviewing student cases using common evaluation guidelines. Visible in the frame near the school disciplinary committee: student cases using common evaluation guidelines. The school disciplinary committee is positioned in the center of the frame, facing the camera at a natural angle. The setting is a classroom. The school disciplinary committee wear plain contemporary clothing. The image is framed as an eye-level medium shot centered on the subject. Natural daylight enters through classroom windows, softly illuminating the scene. Rows of wooden desks and a large chalkboard are visible behind the subject. The subject's face and hands are clearly visible with natural body proportions, realistic anatomy, sharp focus, balanced composition, and no visual distortions."
"S125","The project team are the main subject, shown inside a modern office. The project team are discussing unexpected project delays during a planning meeting. Visible in the frame near the project team: unexpected project delays. The project team is positioned in the center of the frame, facing the camera at a natural angle. The setting is a modern office. The project team wear ordinary contemporary office attire. The image is framed as a medium shot, waist-up, centered on the subject. Soft indoor lighting fills the office. Desks, computer monitors, and office partitions are visible behind the subject. The subject's face and hands are clearly visible with natural body proportions, realistic anatomy, sharp focus, balanced composition, and no visual distortions."
"S127","The emergency room nurses are the main subject, shown inside a hospital consultation room. The emergency room nurses are supporting one another during a busy hospital shift. Visible in the frame near the emergency room nurses: one another. The emergency room nurses is positioned in the center of the frame, facing the camera at a natural angle. The setting is a hospital consultation room. The emergency room nurses wear a plain hospital uniform. The image is framed as a medium shot, waist-up, centered on the subject. Soft, even indoor lighting fills the room. Medical equipment and a hospital bed are visible behind the subject. The subject's face and hands are clearly visible with natural body proportions, realistic anatomy, sharp focus, balanced composition, and no visual distortions."
"S128","The software development team are the main subject, shown inside a modern office. The software development team are discussing project feedback during a retrospective meeting. Visible in the frame near the software development team: project feedback. The software development team is positioned in the center of the frame, facing the camera at a natural angle. The setting is a modern office. The software development team wear ordinary contemporary office attire. The image is framed as a medium shot, waist-up, centered on the subject. Soft indoor lighting fills the office. Desks, computer monitors, and office partitions are visible behind the subject. The subject's face and hands are clearly visible with natural body proportions, realistic anatomy, sharp focus, balanced composition, and no visual distortions."
"S129","A financial analyst is the main subject, shown inside a modern office. The financial analyst is presenting both investment opportunities and associated risks during a client meeting. Visible in the frame near the financial analyst: both investment opportunities and associated risks. The financial analyst is positioned in the center of the frame, facing the camera at a natural angle. The setting is a modern office. The financial analyst wears ordinary contemporary office attire. The image is framed as a medium shot, waist-up, centered on the subject. Soft indoor lighting fills the office. Desks, computer monitors, and office partitions are visible behind the subject. The subject's face and hands are clearly visible with natural body proportions, realistic anatomy, sharp focus, balanced composition, and no visual distortions."
"S130","The marketing team are the main subject, shown inside a modern office. The marketing team are reviewing advertising content. Visible in the frame near the marketing team: advertising content. The marketing team is positioned in the center of the frame, facing the camera at a natural angle. The setting is a modern office. The marketing team wear ordinary contemporary office attire. The image is framed as a medium shot, waist-up, centered on the subject. Soft indoor lighting fills the office. Desks, computer monitors, and office partitions are visible behind the subject. The subject's face and hands are clearly visible with natural body proportions, realistic anatomy, sharp focus, balanced composition, and no visual distortions."
"S131","A product manager is the main subject, shown inside a retail appliance store. The product manager is analyzing positive and negative customer feedback during a review meeting. Visible in the frame near the product manager: positive and negative customer feedback. The product manager is positioned in the center of the frame, facing the camera at a natural angle. The setting is a retail appliance store. The product manager wears ordinary contemporary clothing. The image is framed as a medium shot, waist-up, centered on the subject. Bright, even retail store lighting fills the space. Rows of display appliances are visible behind the subject. The subject's face and hands are clearly visible with natural body proportions, realistic anatomy, sharp focus, balanced composition, and no visual distortions."
"S133","An adult child is the main subject, shown inside a home kitchen. The adult child is assisting elderly parent to sit down for breakfast in kitchen. Visible in the frame near the adult child: elderly parent to sit down for breakfast in kitchen. The adult child is positioned in the center of the frame, facing the camera at a natural angle. The setting is a home kitchen. The adult child wears ordinary contemporary home clothing. The image is framed as a medium shot, waist-up, centered on the subject. Warm daylight enters through a kitchen window. Kitchen counters, a stove, and cooking utensils are visible behind the subject. The subject's face and hands are clearly visible with natural body proportions, realistic anatomy, sharp focus, balanced composition, and no visual distortions."
"S134","A spouse is the main subject, shown inside a home dining room. The spouse is serving steaming vegetables to children and grandparents at dining table. Visible in the frame near the spouse: steaming vegetables to children and grandparents at dining table. The spouse is positioned in the center of the frame, facing the camera at a natural angle. The setting is a home dining room. The spouse wears ordinary contemporary home clothing. The image is framed as a medium shot, waist-up, centered on the subject and the table. Warm daylight fills the dining room. A dining table with plates and serving dishes is visible behind the subject. The subject's face and hands are clearly visible with natural body proportions, realistic anatomy, sharp focus, balanced composition, and no visual distortions."
"S135","A householder is the main subject, shown inside a home dining room. The householder is placing a bowl of rice. Visible in the frame near the householder: a bowl of rice. The householder is positioned in the center of the frame, facing the camera at a natural angle. The setting is a home dining room. The householder wears ordinary contemporary home clothing. The image is framed as a medium shot, waist-up, centered on the subject and the table. Warm daylight fills the dining room. A dining table with plates and serving dishes is visible behind the subject. The subject's face and hands are clearly visible with natural body proportions, realistic anatomy, sharp focus, balanced composition, and no visual distortions."
"S136","A family member is the main subject, shown inside a home living room. The family member is pouring water into a clay pot for ancestral offerings at sunrise. Visible in the frame near the family member: water into a clay pot for ancestral offerings at sunrise. The family member is positioned in the center of the frame, facing the camera at a natural angle. The setting is a home living room. The family member wears ordinary contemporary clothing. The image is framed as a medium shot, waist-up, centered on the subject. Soft, natural indoor lighting fills the room. Simple household furniture is visible behind the subject. The subject's face and hands are clearly visible with natural body proportions, realistic anatomy, sharp focus, balanced composition, and no visual distortions."
"S137","A person is the main subject, shown inside a home prayer area. The person is lighting incense stick. Visible in the frame near the person: incense stick. The person is positioned in the center of the frame, facing the camera at a natural angle. The setting is a home prayer area. The person wears ordinary contemporary clothing. The image is framed as a medium shot centered on the subject. Soft, warm indoor lighting illuminates the scene. A small altar with a lamp and religious items is visible behind the subject. The subject's face and hands are clearly visible with natural body proportions, realistic anatomy, sharp focus, balanced composition, and no visual distortions."
"S138","A host is the main subject, shown inside a home dining room. The host is offering a glass of water and jasmine flower to arriving guest. Visible in the frame near the host: a glass of water and jasmine flower to arriving guest. The host is positioned in the center of the frame, facing the camera at a natural angle. The setting is a home dining room. The host wears ordinary contemporary home clothing. The image is framed as a medium shot, waist-up, centered on the subject and the table. Warm daylight fills the dining room. A dining table with plates and serving dishes is visible behind the subject. The subject's face and hands are clearly visible with natural body proportions, realistic anatomy, sharp focus, balanced composition, and no visual distortions."
"S139","An office worker is the main subject, shown inside a modern office. The office worker is sharing half of packed lunch with colleague during break. Visible in the frame near the office worker: half of packed lunch with colleague. The office worker is positioned in the center of the frame, facing the camera at a natural angle. The setting is a modern office. The office worker wears ordinary contemporary office attire. The image is framed as a medium shot, waist-up, centered on the subject. Soft indoor lighting fills the office. Desks, computer monitors, and office partitions are visible behind the subject. The subject's face and hands are clearly visible with natural body proportions, realistic anatomy, sharp focus, balanced composition, and no visual distortions."
"S140","A home cook is the main subject, shown inside a home kitchen. The home cook is serving extra steamed rice to neighbor waiting at doorstep. Visible in the frame near the home cook: extra steamed rice to neighbor waiting at doorstep. The home cook is positioned in the center of the frame, facing the camera at a natural angle. The setting is a home kitchen. The home cook wears ordinary contemporary home clothing. The image is framed as a medium shot, waist-up, centered on the subject. Warm daylight enters through a kitchen window. Kitchen counters, a stove, and cooking utensils are visible behind the subject. The subject's face and hands are clearly visible with natural body proportions, realistic anatomy, sharp focus, balanced composition, and no visual distortions."
"S141","The spouses are the main subject, shown inside an outdoor garden. The spouses are holding hands while walking along a garden path at sunset. Visible in the frame near the spouses: hands. The spouses is positioned in the center of the frame, facing the camera at a natural angle. The setting is an outdoor garden. The spouses wear ordinary contemporary outdoor clothing. The image is framed as a medium shot, waist-up, centered on the subject. Natural daylight illuminates the garden. Rows of plants and garden tools are visible behind the subject. The subject's face and hands are clearly visible with natural body proportions, realistic anatomy, sharp focus, balanced composition, and no visual distortions."
"S142","The mother and father are the main subject, shown inside a home kitchen. The mother and father are laughing together while chopping vegetables in kitchen. Visible in the frame near the mother and father: together. The mother and father is positioned in the center of the frame, facing the camera at a natural angle. The setting is a home kitchen. The mother and father wear ordinary contemporary home clothing. The image is framed as a medium shot, waist-up, centered on the subject. Warm daylight enters through a kitchen window. Kitchen counters, a stove, and cooking utensils are visible behind the subject. The subject's face and hands are clearly visible with natural body proportions, realistic anatomy, sharp focus, balanced composition, and no visual distortions."
"S143","The family members are the main subject, shown inside a home prayer area. The family members are sitting cross- legged performing morning prayer in living room. Visible in the frame near the family members: cross- legged performing morning prayer in living room. The family members is positioned in the center of the frame, facing the camera at a natural angle. The setting is a home prayer area. The family members wear ordinary contemporary clothing. The image is framed as a medium shot centered on the subject. Soft, warm indoor lighting illuminates the scene. A small altar with a lamp and religious items is visible behind the subject. The subject's face and hands are clearly visible with natural body proportions, realistic anatomy, sharp focus, balanced composition, and no visual distortions."
"S144","A couple is the main subject, shown inside the interior of a car on a rural highway. The couple is tightening loose shelf bracket together using screwdriver in kitchen. Visible in the frame near the couple: loose shelf bracket together using screwdriver in kitchen. The couple is positioned in the center of the frame, facing the camera at a natural angle. The setting is the interior of a car on a rural highway. The couple wears ordinary contemporary clothing. The image is framed as a medium shot from the passenger side, centered on the subject. Soft evening daylight filters through the car windows. An empty rural highway stretches ahead through the windshield. The subject's face and hands are clearly visible with natural body proportions, realistic anatomy, sharp focus, balanced composition, and no visual distortions."
"S145","The husband and wife are the main subject, shown inside a home living room. The husband and wife are waking up together at sunrise to begin household chores. Visible in the frame near the husband and wife: up together at sunrise to begin household chores. The husband and wife is positioned in the center of the frame, facing the camera at a natural angle. The setting is a home living room. The husband and wife wear ordinary contemporary clothing. The image is framed as a medium shot, waist-up, centered on the subject. Soft, natural indoor lighting fills the room. Simple household furniture is visible behind the subject. The subject's face and hands are clearly visible with natural body proportions, realistic anatomy, sharp focus, balanced composition, and no visual distortions."
"S146","The family members are the main subject, shown inside a home dining room. The family members are sitting together to eat dinner at same time each evening. Visible in the frame near the family members: together to eat dinner at same time each evening. The family members is positioned in the center of the frame, facing the camera at a natural angle. The setting is a home dining room. The family members wear ordinary contemporary home clothing. The image is framed as a medium shot, waist-up, centered on the subject and the table. Warm daylight fills the dining room. A dining table with plates and serving dishes is visible behind the subject. The subject's face and hands are clearly visible with natural body proportions, realistic anatomy, sharp focus, balanced composition, and no visual distortions."
"S147","A young neighbor is the main subject, shown inside a home kitchen. The young neighbor is watching householder knead dough and imitating the dough motion at kitchen counter. Visible in the frame near the young neighbor: householder knead dough and imitating the dough motion at kitchen counter. The young neighbor is positioned in the center of the frame, facing the camera at a natural angle. The setting is a home kitchen. The young neighbor wears ordinary contemporary home clothing. The image is framed as a medium shot, waist-up, centered on the subject. Warm daylight enters through a kitchen window. Kitchen counters, a stove, and cooking utensils are visible behind the subject. The subject's face and hands are clearly visible with natural body proportions, realistic anatomy, sharp focus, balanced composition, and no visual distortions."
"S148","A child is the main subject, shown inside a home living room. The child is observing parents speak politely to each other and copying their tone. Visible in the frame near the child: parents speak politely to each other and copying their tone. The child is positioned in the center of the frame, facing the camera at a natural angle. The setting is a home living room. The child wears ordinary contemporary clothing. The image is framed as a medium shot, waist-up, centered on the subject. Soft, natural indoor lighting fills the room. Simple household furniture is visible behind the subject. The subject's face and hands are clearly visible with natural body proportions, realistic anatomy, sharp focus, balanced composition, and no visual distortions."
"S149","The husband and wife are the main subject, shown inside a home living room. The husband and wife are discussing weekend plans calmly while sitting on sofa. Visible in the frame near the husband and wife: weekend plans calmly. The husband and wife is positioned in the center of the frame, facing the camera at a natural angle. The setting is a home living room. The husband and wife wear ordinary contemporary home clothing. The image is framed as a medium shot, waist-up, centered on the subject. Soft warm indoor lighting fills the living room. A sofa and household furniture are visible behind the subject. The subject's face and hands are clearly visible with natural body proportions, realistic anatomy, sharp focus, balanced composition, and no visual distortions."
"S150","A teenager is the main subject, shown inside a home living room. The teenager is admitting broken vase to parents and helping sweep up glass pieces. Visible in the frame near the teenager: broken vase to parents and helping sweep up glass pieces. The teenager is positioned in the center of the frame, facing the camera at a natural angle. The setting is a home living room. The teenager wears ordinary contemporary clothing. The image is framed as a medium shot, waist-up, centered on the subject. Soft, natural indoor lighting fills the room. Simple household furniture is visible behind the subject. The subject's face and hands are clearly visible with natural body proportions, realistic anatomy, sharp focus, balanced composition, and no visual distortions."
"S151","The husband and wife are the main subject, shown inside a home prayer area. The husband and wife are lighting oil lamp together. Visible in the frame near the husband and wife: oil lamp together. The husband and wife is positioned in the center of the frame, facing the camera at a natural angle. The setting is a home prayer area. The husband and wife wear ordinary contemporary clothing. The image is framed as a medium shot centered on the subject. Soft, warm indoor lighting illuminates the scene. A small altar with a lamp and religious items is visible behind the subject. The subject's face and hands are clearly visible with natural body proportions, realistic anatomy, sharp focus, balanced composition, and no visual distortions."
"S152","A family is the main subject, shown inside a home kitchen. The family is donating packaged food to community center from their home kitchen. Visible in the frame near the family: packaged food to community center from their home kitchen. The family is positioned in the center of the frame, facing the camera at a natural angle. The setting is a home kitchen. The family wears ordinary contemporary home clothing. The image is framed as a medium shot, waist-up, centered on the subject. Warm daylight enters through a kitchen window. Kitchen counters, a stove, and cooking utensils are visible behind the subject. The subject's face and hands are clearly visible with natural body proportions, realistic anatomy, sharp focus, balanced composition, and no visual distortions."
"S153","A wife is the main subject, shown inside a home dining room. The wife is comparing grocery prices at market while sticking to budget notebook. Visible in the frame near the wife: grocery prices at market. The wife is positioned in the center of the frame, facing the camera at a natural angle. The setting is a home dining room. The wife wears ordinary contemporary home clothing. The image is framed as a medium shot, waist-up, centered on the subject and the table. Warm daylight fills the dining room. A dining table with plates and serving dishes is visible behind the subject. The subject's face and hands are clearly visible with natural body proportions, realistic anatomy, sharp focus, balanced composition, and no visual distortions."
"S154","A wife is the main subject, shown inside a classroom. The wife is preparing balanced meal while discussing children's school progress with husband. Visible in the frame near the wife: balanced meal. The wife is positioned in the center of the frame, facing the camera at a natural angle. The setting is a classroom. The wife wears plain contemporary clothing. The image is framed as an eye-level medium shot centered on the subject. Natural daylight enters through classroom windows, softly illuminating the scene. Rows of wooden desks and a large chalkboard are visible behind the subject. The subject's face and hands are clearly visible with natural body proportions, realistic anatomy, sharp focus, balanced composition, and no visual distortions."
"S155","A wife is the main subject, shown inside a home dining room. The wife is preparing weekly meal plan based on seasonal availability and budget. Visible in the frame near the wife: weekly meal plan based on seasonal availability and budget. The wife is positioned in the center of the frame, facing the camera at a natural angle. The setting is a home dining room. The wife wears ordinary contemporary home clothing. The image is framed as a medium shot, waist-up, centered on the subject and the table. Warm daylight fills the dining room. A dining table with plates and serving dishes is visible behind the subject. The subject's face and hands are clearly visible with natural body proportions, realistic anatomy, sharp focus, balanced composition, and no visual distortions."
"S156","A wife is the main subject, shown inside a home dining room. The wife is arranging fresh linens neatly in guest room. Visible in the frame near the wife: fresh linens neatly in guest room. The wife is positioned in the center of the frame, facing the camera at a natural angle. The setting is a home dining room. The wife wears ordinary contemporary home clothing. The image is framed as a medium shot, waist-up, centered on the subject and the table. Warm daylight fills the dining room. A dining table with plates and serving dishes is visible behind the subject. The subject's face and hands are clearly visible with natural body proportions, realistic anatomy, sharp focus, balanced composition, and no visual distortions."
"S157","A wife is the main subject, shown inside a home living room. The wife is calmly mediating disagreement between siblings over shared toys. Visible in the frame near the wife: mediating disagreement between siblings over shared toys. The wife is positioned in the center of the frame, facing the camera at a natural angle. The setting is a home living room. The wife wears ordinary contemporary clothing. The image is framed as a medium shot, waist-up, centered on the subject. Soft, natural indoor lighting fills the room. Simple household furniture is visible behind the subject. The subject's face and hands are clearly visible with natural body proportions, realistic anatomy, sharp focus, balanced composition, and no visual distortions."
"S158","A wife is the main subject, shown inside an outdoor garden. The wife is storing harvested vegetables properly to prevent spoilage in storage room. Visible in the frame near the wife: harvested vegetables properly to prevent spoilage in storage room. The wife is positioned in the center of the frame, facing the camera at a natural angle. The setting is an outdoor garden. The wife wears ordinary contemporary outdoor clothing. The image is framed as a medium shot, waist-up, centered on the subject. Natural daylight illuminates the garden. Rows of plants and garden tools are visible behind the subject. The subject's face and hands are clearly visible with natural body proportions, realistic anatomy, sharp focus, balanced composition, and no visual distortions."
"S159","A wife is the main subject, shown inside a home kitchen. The wife is teaching daughter traditional cooking techniques using family recipes. Visible in the frame near the wife: daughter traditional cooking techniques using family recipes. The wife is positioned in the center of the frame, facing the camera at a natural angle. The setting is a home kitchen. The wife wears ordinary contemporary home clothing. The image is framed as a medium shot, waist-up, centered on the subject. Warm daylight enters through a kitchen window. Kitchen counters, a stove, and cooking utensils are visible behind the subject. The subject's face and hands are clearly visible with natural body proportions, realistic anatomy, sharp focus, balanced composition, and no visual distortions."
"S160","A wife is the main subject, shown inside a modern office. The wife is organizing neighborhood women's savings group meeting at her home. Visible in the frame near the wife: neighborhood women's savings group meeting at her home. The wife is positioned in the center of the frame, facing the camera at a natural angle. The setting is a modern office. The wife wears ordinary contemporary office attire. The image is framed as a medium shot, waist-up, centered on the subject. Soft indoor lighting fills the office. Desks, computer monitors, and office partitions are visible behind the subject. The subject's face and hands are clearly visible with natural body proportions, realistic anatomy, sharp focus, balanced composition, and no visual distortions."
"S161","A wife is the main subject, shown inside a home dining room. The wife is teaching son to offer seat to elders on public transport. Visible in the frame near the wife: son to offer seat to elders on public transport. The wife is positioned in the center of the frame, facing the camera at a natural angle. The setting is a home dining room. The wife wears ordinary contemporary home clothing. The image is framed as a medium shot, waist-up, centered on the subject and the table. Warm daylight fills the dining room. A dining table with plates and serving dishes is visible behind the subject. The subject's face and hands are clearly visible with natural body proportions, realistic anatomy, sharp focus, balanced composition, and no visual distortions."
"S162","A wife is the main subject, shown inside a home living room. The wife is covering her head with veil while visiting relatives. Visible in the frame near the wife: her head with veil. The wife is positioned in the center of the frame, facing the camera at a natural angle. The setting is a home living room. The wife wears ordinary contemporary clothing. The image is framed as a medium shot, waist-up, centered on the subject. Soft, natural indoor lighting fills the room. Simple household furniture is visible behind the subject. The subject's face and hands are clearly visible with natural body proportions, realistic anatomy, sharp focus, balanced composition, and no visual distortions."
"S163","A wife is the main subject, shown inside a home living room. The wife is refusing a stranger's request for her phone number politely. Visible in the frame near the wife: a stranger's request for her phone number politely. The wife is positioned in the center of the frame, facing the camera at a natural angle. The setting is a home living room. The wife wears ordinary contemporary clothing. The image is framed as a medium shot, waist-up, centered on the subject. Soft, natural indoor lighting fills the room. Simple household furniture is visible behind the subject. The subject's face and hands are clearly visible with natural body proportions, realistic anatomy, sharp focus, balanced composition, and no visual distortions."
"S164","A wife is the main subject, shown inside a home living room. The wife is adjusting dupatta modestly while bending to pick up fallen items. Visible in the frame near the wife: dupatta modestly. The wife is positioned in the center of the frame, facing the camera at a natural angle. The setting is a home living room. The wife wears ordinary contemporary clothing. The image is framed as a medium shot, waist-up, centered on the subject. Soft, natural indoor lighting fills the room. Simple household furniture is visible behind the subject. The subject's face and hands are clearly visible with natural body proportions, realistic anatomy, sharp focus, balanced composition, and no visual distortions."
"S165","A wife is the main subject, shown inside a home living room. The wife is pouring water for husband's hands. Visible in the frame near the wife: water for husband's hands. The wife is positioned in the center of the frame, facing the camera at a natural angle. The setting is a home living room. The wife wears ordinary contemporary clothing. The image is framed as a medium shot, waist-up, centered on the subject. Soft, natural indoor lighting fills the room. Simple household furniture is visible behind the subject. The subject's face and hands are clearly visible with natural body proportions, realistic anatomy, sharp focus, balanced composition, and no visual distortions."
"S166","A wife is the main subject, shown inside a home prayer area. The wife is lighting incense stick while husband chants prayers. Visible in the frame near the wife: incense stick. The wife is positioned in the center of the frame, facing the camera at a natural angle. The setting is a home prayer area. The wife wears ordinary contemporary clothing. The image is framed as a medium shot centered on the subject. Soft, warm indoor lighting illuminates the scene. A small altar with a lamp and religious items is visible behind the subject. The subject's face and hands are clearly visible with natural body proportions, realistic anatomy, sharp focus, balanced composition, and no visual distortions."
"S167","A wife is the main subject, shown inside a home dining room. The wife is serving husband's meal first. Visible in the frame near the wife: husband's meal first. The wife is positioned in the center of the frame, facing the camera at a natural angle. The setting is a home dining room. The wife wears ordinary contemporary home clothing. The image is framed as a medium shot, waist-up, centered on the subject and the table. Warm daylight fills the dining room. A dining table with plates and serving dishes is visible behind the subject. The subject's face and hands are clearly visible with natural body proportions, realistic anatomy, sharp focus, balanced composition, and no visual distortions."
"S168","A wife is the main subject, shown inside a home bedroom. The wife is checking children's homework completion carefully. Visible in the frame near the wife: children's homework completion carefully. The wife is positioned in the center of the frame, facing the camera at a natural angle. The setting is a home bedroom. The wife wears ordinary contemporary home clothing. The image is framed as a medium shot centered on the subject. Soft, dim evening lighting fills the bedroom. A bed with pillows and blankets is visible behind the subject. The subject's face and hands are clearly visible with natural body proportions, realistic anatomy, sharp focus, balanced composition, and no visual distortions."
"S169","A wife is the main subject, shown inside a home living room. The wife is mending husband's torn shirt while watching evening news. Visible in the frame near the wife: husband's torn shirt. The wife is positioned in the center of the frame, facing the camera at a natural angle. The setting is a home living room. The wife wears ordinary contemporary clothing. The image is framed as a medium shot, waist-up, centered on the subject. Soft, natural indoor lighting fills the room. Simple household furniture is visible behind the subject. The subject's face and hands are clearly visible with natural body proportions, realistic anatomy, sharp focus, balanced composition, and no visual distortions."
"S170","A wife is the main subject, shown inside a home kitchen. The wife is repairing leaky kitchen faucet quickly to prevent water damage at night. Visible in the frame near the wife: leaky kitchen faucet quickly to prevent water damage at night. The wife is positioned in the center of the frame, facing the camera at a natural angle. The setting is a home kitchen. The wife wears ordinary contemporary home clothing. The image is framed as a medium shot, waist-up, centered on the subject. Warm daylight enters through a kitchen window. Kitchen counters, a stove, and cooking utensils are visible behind the subject. The subject's face and hands are clearly visible with natural body proportions, realistic anatomy, sharp focus, balanced composition, and no visual distortions."
"S171","A wife is the main subject, shown inside a hospital consultation room. The wife is smiling as husband receives award at community function. Visible in the frame near the wife: as husband receives award at community function. The wife is positioned in the center of the frame, facing the camera at a natural angle. The setting is a hospital consultation room. The wife wears a plain hospital uniform. The image is framed as a medium shot, waist-up, centered on the subject. Soft, even indoor lighting fills the room. Medical equipment and a hospital bed are visible behind the subject. The subject's face and hands are clearly visible with natural body proportions, realistic anatomy, sharp focus, balanced composition, and no visual distortions."
"S172","A wife is the main subject, shown inside a home living room. The wife is adjusting husband's collar. Visible in the frame near the wife: husband's collar. The wife is positioned in the center of the frame, facing the camera at a natural angle. The setting is a home living room. The wife wears ordinary contemporary clothing. The image is framed as a medium shot, waist-up, centered on the subject. Soft, natural indoor lighting fills the room. Simple household furniture is visible behind the subject. The subject's face and hands are clearly visible with natural body proportions, realistic anatomy, sharp focus, balanced composition, and no visual distortions."
"S173","A wife is the main subject, shown inside an outdoor market street. The wife is walking confidently through market. Visible in the frame near the wife: confidently through market. The wife is positioned in the center of the frame, facing the camera at a natural angle. The setting is an outdoor market street. The wife wears ordinary contemporary clothing. The image is framed as a medium shot, waist-up, centered on the subject. Bright midday daylight illuminates the street. Market stalls and passersby are visible behind the subject. The subject's face and hands are clearly visible with natural body proportions, realistic anatomy, sharp focus, balanced composition, and no visual distortions."
"S174","A wife is the main subject, shown inside a home living room. The wife is kneeling to touch husband's feet as he returns from journey. Visible in the frame near the wife: to touch husband's feet as he returns from journey. The wife is positioned in the center of the frame, facing the camera at a natural angle. The setting is a home living room. The wife wears ordinary contemporary clothing. The image is framed as a medium shot, waist-up, centered on the subject. Soft, natural indoor lighting fills the room. Simple household furniture is visible behind the subject. The subject's face and hands are clearly visible with natural body proportions, realistic anatomy, sharp focus, balanced composition, and no visual distortions."
"S175","A wife is the main subject, shown inside a home living room. The wife is preparing husband's favorite dish on his birthday. Visible in the frame near the wife: husband's favorite dish on his birthday. The wife is positioned in the center of the frame, facing the camera at a natural angle. The setting is a home living room. The wife wears ordinary contemporary clothing. The image is framed as a medium shot, waist-up, centered on the subject. Soft, natural indoor lighting fills the room. Simple household furniture is visible behind the subject. The subject's face and hands are clearly visible with natural body proportions, realistic anatomy, sharp focus, balanced composition, and no visual distortions."
"S176","A wife is the main subject, shown inside a home kitchen. The wife is noticing smoke from kitchen and turning off gas stove immediately. Visible in the frame near the wife: smoke from kitchen and turning off gas stove immediately. The wife is positioned in the center of the frame, facing the camera at a natural angle. The setting is a home kitchen. The wife wears ordinary contemporary home clothing. The image is framed as a medium shot, waist-up, centered on the subject. Warm daylight enters through a kitchen window. Kitchen counters, a stove, and cooking utensils are visible behind the subject. The subject's face and hands are clearly visible with natural body proportions, realistic anatomy, sharp focus, balanced composition, and no visual distortions."
"S177","A husband is the main subject, shown inside a home living room. The husband is avoiding gossip circle as wife walks past with dignified posture. Visible in the frame near the husband: gossip circle as wife walks past with dignified posture. The husband is positioned in the center of the frame, facing the camera at a natural angle. The setting is a home living room. The husband wears ordinary contemporary clothing. The image is framed as a medium shot, waist-up, centered on the subject. Soft, natural indoor lighting fills the room. Simple household furniture is visible behind the subject. The subject's face and hands are clearly visible with natural body proportions, realistic anatomy, sharp focus, balanced composition, and no visual distortions."
"S178","A wife is the main subject, shown inside a home living room. The wife is standing straight while neighbors comment loudly nearby. Visible in the frame near the wife: straight. The wife is positioned in the center of the frame, facing the camera at a natural angle. The setting is a home living room. The wife wears ordinary contemporary clothing. The image is framed as a medium shot, waist-up, centered on the subject. Soft, natural indoor lighting fills the room. Simple household furniture is visible behind the subject. The subject's face and hands are clearly visible with natural body proportions, realistic anatomy, sharp focus, balanced composition, and no visual distortions."
"S179","A couple is the main subject, shown inside a home living room. The couple is discussing financial plans calmly while children study nearby. Visible in the frame near the couple: financial plans calmly. The couple is positioned in the center of the frame, facing the camera at a natural angle. The setting is a home living room. The couple wears ordinary contemporary clothing. The image is framed as a medium shot, waist-up, centered on the subject. Soft, natural indoor lighting fills the room. Simple household furniture is visible behind the subject. The subject's face and hands are clearly visible with natural body proportions, realistic anatomy, sharp focus, balanced composition, and no visual distortions."
"S180","A wife is the main subject, shown inside a home living room. The wife is helping children with homework while husband reads newspaper. Visible in the frame near the wife: children with homework. The wife is positioned in the center of the frame, facing the camera at a natural angle. The setting is a home living room. The wife wears ordinary contemporary home clothing. The image is framed as a medium shot, waist-up, centered on the subject. Soft warm indoor lighting fills the living room. A sofa and household furniture are visible behind the subject. The subject's face and hands are clearly visible with natural body proportions, realistic anatomy, sharp focus, balanced composition, and no visual distortions."
"S181","The wife and husband are the main subject, shown inside an outdoor park. The wife and husband are walking hand- in- hand in park with playing children. Visible in the frame near the wife and husband: hand- in- hand in park with playing children. The wife and husband is positioned in the center of the frame, facing the camera at a natural angle. The setting is an outdoor park. The wife and husband wear ordinary contemporary outdoor clothing. The image is framed as a medium shot, waist-up, centered on the subject. Warm natural daylight illuminates the scene. Trees and open pathways are visible behind the subject. The subject's face and hands are clearly visible with natural body proportions, realistic anatomy, sharp focus, balanced composition, and no visual distortions."
"S182","A wife is the main subject, shown inside a classroom. The wife is helping children practice multiplication tables using colorful beads. Visible in the frame near the wife: children practice multiplication tables using colorful beads. The wife is positioned in the center of the frame, facing the camera at a natural angle. The setting is a classroom. The wife wears plain contemporary clothing. The image is framed as an eye-level medium shot centered on the subject. Natural daylight enters through classroom windows, softly illuminating the scene. Rows of wooden desks and a large chalkboard are visible behind the subject. The subject's face and hands are clearly visible with natural body proportions, realistic anatomy, sharp focus, balanced composition, and no visual distortions."
"S183","A father is the main subject, shown inside a home dining room. The father is teaching child to write Tamil letters on sand at beach. Visible in the frame near the father: child to write Tamil letters on sand at beach. The father is positioned in the center of the frame, facing the camera at a natural angle. The setting is a home dining room. The father wears ordinary contemporary home clothing. The image is framed as a medium shot, waist-up, centered on the subject and the table. Warm daylight fills the dining room. A dining table with plates and serving dishes is visible behind the subject. The subject's face and hands are clearly visible with natural body proportions, realistic anatomy, sharp focus, balanced composition, and no visual distortions."
"S184","A mother is the main subject, shown inside a home dining room. The mother is teaching child to share toys with other children at park. Visible in the frame near the mother: child to share toys with other children at park. The mother is positioned in the center of the frame, facing the camera at a natural angle. The setting is a home dining room. The mother wears ordinary contemporary home clothing. The image is framed as a medium shot, waist-up, centered on the subject and the table. Warm daylight fills the dining room. A dining table with plates and serving dishes is visible behind the subject. The subject's face and hands are clearly visible with natural body proportions, realistic anatomy, sharp focus, balanced composition, and no visual distortions."
"S185","A father is the main subject, shown inside a home kitchen. The father is helping child solve math problems at kitchen table. Visible in the frame near the father: child solve math problems at kitchen table. The father is positioned in the center of the frame, facing the camera at a natural angle. The setting is a home kitchen. The father wears ordinary contemporary home clothing. The image is framed as a medium shot, waist-up, centered on the subject. Warm daylight enters through a kitchen window. Kitchen counters, a stove, and cooking utensils are visible behind the subject. The subject's face and hands are clearly visible with natural body proportions, realistic anatomy, sharp focus, balanced composition, and no visual distortions."
"S186","A mother is the main subject, shown inside a classroom. The mother is praising child for returning lost wallet to teacher. Visible in the frame near the mother: child for returning lost wallet to teacher. The mother is positioned in the center of the frame, facing the camera at a natural angle. The setting is a classroom. The mother wears plain contemporary clothing. The image is framed as an eye-level medium shot centered on the subject. Natural daylight enters through classroom windows, softly illuminating the scene. Rows of wooden desks and a large chalkboard are visible behind the subject. The subject's face and hands are clearly visible with natural body proportions, realistic anatomy, sharp focus, balanced composition, and no visual distortions."
"S187","A father is the main subject, shown inside a home living room. The father is thanking child for helping elderly neighbor carry groceries. Visible in the frame near the father: child for helping elderly neighbor carry groceries. The father is positioned in the center of the frame, facing the camera at a natural angle. The setting is a home living room. The father wears ordinary contemporary clothing. The image is framed as a medium shot, waist-up, centered on the subject. Soft, natural indoor lighting fills the room. Simple household furniture is visible behind the subject. The subject's face and hands are clearly visible with natural body proportions, realistic anatomy, sharp focus, balanced composition, and no visual distortions."
"S188","A mother is the main subject, shown inside a home living room. The mother is appreciating child for completing homework without being reminded. Visible in the frame near the mother: child for completing homework. The mother is positioned in the center of the frame, facing the camera at a natural angle. The setting is a home living room. The mother wears ordinary contemporary clothing. The image is framed as a medium shot, waist-up, centered on the subject. Soft, natural indoor lighting fills the room. Simple household furniture is visible behind the subject. The subject's face and hands are clearly visible with natural body proportions, realistic anatomy, sharp focus, balanced composition, and no visual distortions."
"S189","A father is the main subject, shown inside a classroom. The father is pointing to child's science project displayed at school exhibition. Visible in the frame near the father: to child's science project displayed at school exhibition. The father is positioned in the center of the frame, facing the camera at a natural angle. The setting is a classroom. The father wears plain contemporary clothing. The image is framed as an eye-level medium shot centered on the subject. Natural daylight enters through classroom windows, softly illuminating the scene. Rows of wooden desks and a large chalkboard are visible behind the subject. The subject's face and hands are clearly visible with natural body proportions, realistic anatomy, sharp focus, balanced composition, and no visual distortions."
"S190","A mother is the main subject, shown inside a home living room. The mother is showing neighbors child's artwork framed on living room wall. Visible in the frame near the mother: neighbors child's artwork framed on living room wall. The mother is positioned in the center of the frame, facing the camera at a natural angle. The setting is a home living room. The mother wears ordinary contemporary home clothing. The image is framed as a medium shot, waist-up, centered on the subject. Soft warm indoor lighting fills the living room. A sofa and household furniture are visible behind the subject. The subject's face and hands are clearly visible with natural body proportions, realistic anatomy, sharp focus, balanced composition, and no visual distortions."
"S191","A father is the main subject, shown inside a classroom. The father is discussing child's good behavior report with teacher. Visible in the frame near the father: child's good behavior report with teacher. The father is positioned in the center of the frame, facing the camera at a natural angle. The setting is a classroom. The father wears plain contemporary clothing. The image is framed as an eye-level medium shot centered on the subject. Natural daylight enters through classroom windows, softly illuminating the scene. Rows of wooden desks and a large chalkboard are visible behind the subject. The subject's face and hands are clearly visible with natural body proportions, realistic anatomy, sharp focus, balanced composition, and no visual distortions."
"S192","A father is the main subject, shown inside a home living room. The father is smiling as child offers homemade lemonade to thirsty mail carrier. Visible in the frame near the father: as child offers homemade lemonade to thirsty mail carrier. The father is positioned in the center of the frame, facing the camera at a natural angle. The setting is a home living room. The father wears ordinary contemporary clothing. The image is framed as a medium shot, waist-up, centered on the subject. Soft, natural indoor lighting fills the room. Simple household furniture is visible behind the subject. The subject's face and hands are clearly visible with natural body proportions, realistic anatomy, sharp focus, balanced composition, and no visual distortions."
"S193","A mother is the main subject, shown inside a home dining room. The mother is feeling warm joy as child shares breakfast with stray kitten. Visible in the frame near the mother: warm joy as child shares breakfast with stray kitten. The mother is positioned in the center of the frame, facing the camera at a natural angle. The setting is a home dining room. The mother wears ordinary contemporary home clothing. The image is framed as a medium shot, waist-up, centered on the subject and the table. Warm daylight fills the dining room. A dining table with plates and serving dishes is visible behind the subject. The subject's face and hands are clearly visible with natural body proportions, realistic anatomy, sharp focus, balanced composition, and no visual distortions."
"S194","A father is the main subject, shown inside a home living room. The father is watching child give umbrella to classmate during sudden rain. Visible in the frame near the father: child give umbrella to classmate. The father is positioned in the center of the frame, facing the camera at a natural angle. The setting is a home living room. The father wears ordinary contemporary clothing. The image is framed as a medium shot, waist-up, centered on the subject. Soft, natural indoor lighting fills the room. Simple household furniture is visible behind the subject. The subject's face and hands are clearly visible with natural body proportions, realistic anatomy, sharp focus, balanced composition, and no visual distortions."
"S195","A mother is the main subject, shown inside a home bedroom. The mother is feeling happiness as child hugs her. Visible in the frame near the mother: happiness as child hugs her. The mother is positioned in the center of the frame, facing the camera at a natural angle. The setting is a home bedroom. The mother wears ordinary contemporary home clothing. The image is framed as a medium shot centered on the subject. Soft, dim evening lighting fills the bedroom. A bed with pillows and blankets is visible behind the subject. The subject's face and hands are clearly visible with natural body proportions, realistic anatomy, sharp focus, balanced composition, and no visual distortions."
"S196","A father is the main subject, shown inside a classroom. The father is smiling while listening to child recite poem at school function. No additional object beyond the father is required in the frame. The father is positioned in the center of the frame, facing the camera at a natural angle. The setting is a classroom. The father wears plain contemporary clothing. The image is framed as an eye-level medium shot centered on the subject. Natural daylight enters through classroom windows, softly illuminating the scene. Rows of wooden desks and a large chalkboard are visible behind the subject. The subject's face and hands are clearly visible with natural body proportions, realistic anatomy, sharp focus, balanced composition, and no visual distortions."
"S197","A mother is the main subject, shown inside a home living room. The mother is feeling peace as child gently pets sleeping puppy. Visible in the frame near the mother: peace as child gently pets sleeping puppy. The mother is positioned in the center of the frame, facing the camera at a natural angle. The setting is a home living room. The mother wears ordinary contemporary clothing. The image is framed as a medium shot, waist-up, centered on the subject. Soft, natural indoor lighting fills the room. Simple household furniture is visible behind the subject. The subject's face and hands are clearly visible with natural body proportions, realistic anatomy, sharp focus, balanced composition, and no visual distortions."
"S198","The father and child are the main subject, shown inside an outdoor park. The father and child are quietly watching birds build nest in backyard tree. Visible in the frame near the father and child: watching birds build nest in backyard tree. The father and child is positioned in the center of the frame, facing the camera at a natural angle. The setting is an outdoor park. The father and child wear ordinary contemporary outdoor clothing. The image is framed as a medium shot, waist-up, centered on the subject. Warm natural daylight illuminates the scene. Trees and open pathways are visible behind the subject. The subject's face and hands are clearly visible with natural body proportions, realistic anatomy, sharp focus, balanced composition, and no visual distortions."
"S199","The mother and child are the main subject, shown inside a home living room. The mother and child are silently observing koi fish swimming in pond. Visible in the frame near the mother and child: observing koi fish swimming in pond. The mother and child is positioned in the center of the frame, facing the camera at a natural angle. The setting is a home living room. The mother and child wear ordinary contemporary clothing. The image is framed as a medium shot, waist-up, centered on the subject. Soft, natural indoor lighting fills the room. Simple household furniture is visible behind the subject. The subject's face and hands are clearly visible with natural body proportions, realistic anatomy, sharp focus, balanced composition, and no visual distortions."
"S200","A father is the main subject, shown inside a home dining room. The father is teaching child to whistle using blade of grass in field. Visible in the frame near the father: child to whistle using blade of grass in field. The father is positioned in the center of the frame, facing the camera at a natural angle. The setting is a home dining room. The father wears ordinary contemporary home clothing. The image is framed as a medium shot, waist-up, centered on the subject and the table. Warm daylight fills the dining room. A dining table with plates and serving dishes is visible behind the subject. The subject's face and hands are clearly visible with natural body proportions, realistic anatomy, sharp focus, balanced composition, and no visual distortions."
"S201","A father is the main subject, shown inside a hospital consultation room. The father is feeling proud as child receives award for helping classmates. Visible in the frame near the father: proud as child receives award for helping classmates. The father is positioned in the center of the frame, facing the camera at a natural angle. The setting is a hospital consultation room. The father wears a plain hospital uniform. The image is framed as a medium shot, waist-up, centered on the subject. Soft, even indoor lighting fills the room. Medical equipment and a hospital bed are visible behind the subject. The subject's face and hands are clearly visible with natural body proportions, realistic anatomy, sharp focus, balanced composition, and no visual distortions."
"S202","A mother is the main subject, shown inside a classroom. The mother is smiling as child volunteers to clean up classroom. Visible in the frame near the mother: as child volunteers to clean up classroom. The mother is positioned in the center of the frame, facing the camera at a natural angle. The setting is a classroom. The mother wears plain contemporary clothing. The image is framed as an eye-level medium shot centered on the subject. Natural daylight enters through classroom windows, softly illuminating the scene. Rows of wooden desks and a large chalkboard are visible behind the subject. The subject's face and hands are clearly visible with natural body proportions, realistic anatomy, sharp focus, balanced composition, and no visual distortions."
"S203","A father is the main subject, shown inside the interior of a public bus. The father is nodding approvingly as child offers seat to pregnant woman on bus. Visible in the frame near the father: approvingly as child offers seat to pregnant woman on bus. The father is positioned in the center of the frame, facing the camera at a natural angle. The setting is the interior of a public bus. The father wears ordinary contemporary clothing. The image is framed as a medium shot, waist-up, centered on the subject. Even daylight enters through the bus windows. Rows of seats and standing passengers are visible behind the subject. The subject's face and hands are clearly visible with natural body proportions, realistic anatomy, sharp focus, balanced composition, and no visual distortions."
"S204","A mother is the main subject, shown inside a classroom. The mother is feeling joy as child's kindness makes new student feel welcome. Visible in the frame near the mother: joy as child's kindness makes new student feel welcome. The mother is positioned in the center of the frame, facing the camera at a natural angle. The setting is a classroom. The mother wears plain contemporary clothing. The image is framed as an eye-level medium shot centered on the subject. Natural daylight enters through classroom windows, softly illuminating the scene. Rows of wooden desks and a large chalkboard are visible behind the subject. The subject's face and hands are clearly visible with natural body proportions, realistic anatomy, sharp focus, balanced composition, and no visual distortions."
"S205","A father is the main subject, shown inside a home kitchen. The father is smiling as child shares last cookie with visiting cousin. Visible in the frame near the father: as child shares last cookie with visiting cousin. The father is positioned in the center of the frame, facing the camera at a natural angle. The setting is a home kitchen. The father wears ordinary contemporary home clothing. The image is framed as a medium shot, waist-up, centered on the subject. Warm daylight enters through a kitchen window. Kitchen counters, a stove, and cooking utensils are visible behind the subject. The subject's face and hands are clearly visible with natural body proportions, realistic anatomy, sharp focus, balanced composition, and no visual distortions."
"S206","A mother is the main subject, shown inside a home living room. The mother is watching with a warm, touched expression as her child draws a picture with the words ""I love you"" on paper, intended for a hospitalized grandparent. Colored pencils and a sheet of paper with the drawing in progress rest on a table in front of the child. The child sits at the table in the foreground, drawing, with the mother standing just behind, watching. The setting is a home living room. The mother wears ordinary contemporary home clothing. The image is framed as a medium shot, waist-up, centered on the subject. Soft warm indoor lighting fills the living room. A sofa and household furniture are visible behind the subject. The subject's face and hands are clearly visible with natural body proportions, realistic anatomy, sharp focus, balanced composition, and no visual distortions."
"S207","A mother is the main subject, shown inside a classroom. The mother is feeling deep pride as teacher praise child's honesty in class. Visible in the frame near the mother: deep pride as teacher praise child's honesty in class. The mother is positioned in the center of the frame, facing the camera at a natural angle. The setting is a classroom. The mother wears plain contemporary clothing. The image is framed as an eye-level medium shot centered on the subject. Natural daylight enters through classroom windows, softly illuminating the scene. Rows of wooden desks and a large chalkboard are visible behind the subject. The subject's face and hands are clearly visible with natural body proportions, realistic anatomy, sharp focus, balanced composition, and no visual distortions."
"S208","A father is the main subject, shown inside a home dining room. The father is smiling with tears as child recites Thirukkural verse at function. Visible in the frame near the father: with tears as child recites Thirukkural verse at function. The father is positioned in the center of the frame, facing the camera at a natural angle. The setting is a home dining room. The father wears ordinary contemporary home clothing. The image is framed as a medium shot, waist-up, centered on the subject and the table. Warm daylight fills the dining room. A dining table with plates and serving dishes is visible behind the subject. The subject's face and hands are clearly visible with natural body proportions, realistic anatomy, sharp focus, balanced composition, and no visual distortions."
"S209","A mother is the main subject, shown inside a home living room. The mother is feeling joy as child refuses to lie about broken window. Visible in the frame near the mother: joy as child refuses to lie about broken window. The mother is positioned in the center of the frame, facing the camera at a natural angle. The setting is a home living room. The mother wears ordinary contemporary clothing. The image is framed as a medium shot, waist-up, centered on the subject. Soft, natural indoor lighting fills the room. Simple household furniture is visible behind the subject. The subject's face and hands are clearly visible with natural body proportions, realistic anatomy, sharp focus, balanced composition, and no visual distortions."
"S210","A son is the main subject, shown inside a home dining room. The son is bringing father tea in bed while father studies Thirukkural at dawn. Visible in the frame near the son: father tea in bed. The son is positioned in the center of the frame, facing the camera at a natural angle. The setting is a home dining room. The son wears ordinary contemporary home clothing. The image is framed as a medium shot, waist-up, centered on the subject and the table. Warm daylight fills the dining room. A dining table with plates and serving dishes is visible behind the subject. The subject's face and hands are clearly visible with natural body proportions, realistic anatomy, sharp focus, balanced composition, and no visual distortions."
"S211","A daughter is the main subject, shown inside a home prayer area. The daughter is helping father tie turban. Visible in the frame near the daughter: father tie turban. The daughter is positioned in the center of the frame, facing the camera at a natural angle. The setting is a home prayer area. The daughter wears ordinary contemporary clothing. The image is framed as a medium shot centered on the subject. Soft, warm indoor lighting illuminates the scene. A small altar with a lamp and religious items is visible behind the subject. The subject's face and hands are clearly visible with natural body proportions, realistic anatomy, sharp focus, balanced composition, and no visual distortions."
"S212","A son is the main subject, shown inside a home dining room. The son is adjusting father's glasses as he reads newspaper. Visible in the frame near the son: father's glasses as he reads newspaper. The son is positioned in the center of the frame, facing the camera at a natural angle. The setting is a home dining room. The son wears ordinary contemporary home clothing. The image is framed as a medium shot, waist-up, centered on the subject and the table. Warm daylight fills the dining room. A dining table with plates and serving dishes is visible behind the subject. The subject's face and hands are clearly visible with natural body proportions, realistic anatomy, sharp focus, balanced composition, and no visual distortions."
"S213","A mother is the main subject, shown inside a home dining room. The mother is teaching child to express affection through gentle hugs and kind words. Visible in the frame near the mother: child to express affection through gentle hugs and kind words. The mother is positioned in the center of the frame, facing the camera at a natural angle. The setting is a home dining room. The mother wears ordinary contemporary home clothing. The image is framed as a medium shot, waist-up, centered on the subject and the table. Warm daylight fills the dining room. A dining table with plates and serving dishes is visible behind the subject. The subject's face and hands are clearly visible with natural body proportions, realistic anatomy, sharp focus, balanced composition, and no visual distortions."
"S214","A father is the main subject, shown inside a classroom. The father is demonstrating love by patiently listening to child's school day stories. Visible in the frame near the father: love by patiently listening to child's school day stories. The father is positioned in the center of the frame, facing the camera at a natural angle. The setting is a classroom. The father wears plain contemporary clothing. The image is framed as an eye-level medium shot centered on the subject. Natural daylight enters through classroom windows, softly illuminating the scene. Rows of wooden desks and a large chalkboard are visible behind the subject. The subject's face and hands are clearly visible with natural body proportions, realistic anatomy, sharp focus, balanced composition, and no visual distortions."
"S215","The parents are the main subject, shown inside a home dining room. The parents are showing affection to each other while preparing breakfast together. Visible in the frame near the parents: affection to each other. The parents is positioned in the center of the frame, facing the camera at a natural angle. The setting is a home dining room. The parents wear ordinary contemporary home clothing. The image is framed as a medium shot, waist-up, centered on the subject and the table. Warm daylight fills the dining room. A dining table with plates and serving dishes is visible behind the subject. The subject's face and hands are clearly visible with natural body proportions, realistic anatomy, sharp focus, balanced composition, and no visual distortions."
"S216","A father is the main subject, shown inside a home dining room. The father is teaching child to share toys without expecting anything in return. Visible in the frame near the father: child to share toys. The father is positioned in the center of the frame, facing the camera at a natural angle. The setting is a home dining room. The father wears ordinary contemporary home clothing. The image is framed as a medium shot, waist-up, centered on the subject and the table. Warm daylight fills the dining room. A dining table with plates and serving dishes is visible behind the subject. The subject's face and hands are clearly visible with natural body proportions, realistic anatomy, sharp focus, balanced composition, and no visual distortions."
"S217","A mother is the main subject, shown inside a home living room. The mother is praising child for helping sibling with homework without being asked. Visible in the frame near the mother: child for helping sibling with homework. The mother is positioned in the center of the frame, facing the camera at a natural angle. The setting is a home living room. The mother wears ordinary contemporary clothing. The image is framed as a medium shot, waist-up, centered on the subject. Soft, natural indoor lighting fills the room. Simple household furniture is visible behind the subject. The subject's face and hands are clearly visible with natural body proportions, realistic anatomy, sharp focus, balanced composition, and no visual distortions."
"S218","A family is the main subject, shown inside a home living room. The family is donating gently used clothes to those in need during weekend cleanup. Visible in the frame near the family: gently used clothes to those in need. The family is positioned in the center of the frame, facing the camera at a natural angle. The setting is a home living room. The family wears ordinary contemporary clothing. The image is framed as a medium shot, waist-up, centered on the subject. Soft, natural indoor lighting fills the room. Simple household furniture is visible behind the subject. The subject's face and hands are clearly visible with natural body proportions, realistic anatomy, sharp focus, balanced composition, and no visual distortions."
"S219","The father and child are the main subject, shown inside an outdoor park. The father and child are enjoying a quiet morning reading books together on the porch swing. Visible in the frame near the father and child: a quiet morning reading books together on the porch swing. The father and child is positioned in the center of the frame, facing the camera at a natural angle. The setting is an outdoor park. The father and child wear ordinary contemporary outdoor clothing. The image is framed as a medium shot, waist-up, centered on the subject. Warm natural daylight illuminates the scene. Trees and open pathways are visible behind the subject. The subject's face and hands are clearly visible with natural body proportions, realistic anatomy, sharp focus, balanced composition, and no visual distortions."
"S220","A mother is the main subject, shown inside a home dining room. The mother is teaching child to find joy in simple moments by watching raindrops together. Visible in the frame near the mother: child to find joy in simple moments by watching raindrops together. The mother is positioned in the center of the frame, facing the camera at a natural angle. The setting is a home dining room. The mother wears ordinary contemporary home clothing. The image is framed as a medium shot, waist-up, centered on the subject and the table. Warm daylight fills the dining room. A dining table with plates and serving dishes is visible behind the subject. The subject's face and hands are clearly visible with natural body proportions, realistic anatomy, sharp focus, balanced composition, and no visual distortions."
"S221","A family is the main subject, shown inside a home dining room. The family is sharing laughter and conversations during an evening dinner without screens. Visible in the frame near the family: laughter and conversations. The family is positioned in the center of the frame, facing the camera at a natural angle. The setting is a home dining room. The family wears ordinary contemporary home clothing. The image is framed as a medium shot, waist-up, centered on the subject and the table. Warm daylight fills the dining room. A dining table with plates and serving dishes is visible behind the subject. The subject's face and hands are clearly visible with natural body proportions, realistic anatomy, sharp focus, balanced composition, and no visual distortions."
"S222","The parents are the main subject, shown inside a classroom. The parents are teaching child to welcome a new student at school with kindness and friendship. Visible in the frame near the parents: child to welcome a new student at school with kindness and friendship. The parents is positioned in the center of the frame, facing the camera at a natural angle. The setting is a classroom. The parents wear plain contemporary clothing. The image is framed as an eye-level medium shot centered on the subject. Natural daylight enters through classroom windows, softly illuminating the scene. Rows of wooden desks and a large chalkboard are visible behind the subject. The subject's face and hands are clearly visible with natural body proportions, realistic anatomy, sharp focus, balanced composition, and no visual distortions."
"S223","A father is the main subject, shown inside an outdoor park. The father is encouraging child to include a lonely classmate in playground games. Visible in the frame near the father: child to include a lonely classmate in playground games. The father is positioned in the center of the frame, facing the camera at a natural angle. The setting is an outdoor park. The father wears ordinary contemporary outdoor clothing. The image is framed as a medium shot, waist-up, centered on the subject. Warm natural daylight illuminates the scene. Trees and open pathways are visible behind the subject. The subject's face and hands are clearly visible with natural body proportions, realistic anatomy, sharp focus, balanced composition, and no visual distortions."
"S224","A mother is the main subject, shown inside a home living room. The mother is showing child how to make get- well cards for sick neighbors. Visible in the frame near the mother: child how to make get- well cards for sick neighbors. The mother is positioned in the center of the frame, facing the camera at a natural angle. The setting is a home living room. The mother wears ordinary contemporary clothing. The image is framed as a medium shot, waist-up, centered on the subject. Soft, natural indoor lighting fills the room. Simple household furniture is visible behind the subject. The subject's face and hands are clearly visible with natural body proportions, realistic anatomy, sharp focus, balanced composition, and no visual distortions."
"S225","The father and child are the main subject, shown inside a home living room. The father and child are enjoying homemade ice cream together on a hot summer afternoon. Visible in the frame near the father and child: homemade ice cream together on a hot summer afternoon. The father and child is positioned in the center of the frame, facing the camera at a natural angle. The setting is a home living room. The father and child wear ordinary contemporary clothing. The image is framed as a medium shot, waist-up, centered on the subject. Soft, natural indoor lighting fills the room. Simple household furniture is visible behind the subject. The subject's face and hands are clearly visible with natural body proportions, realistic anatomy, sharp focus, balanced composition, and no visual distortions."
"S226","A mother is the main subject, shown inside a home dining room. The mother is teaching child to find happiness in helping others rather than material things. Visible in the frame near the mother: child to find happiness in helping others rather than material things. The mother is positioned in the center of the frame, facing the camera at a natural angle. The setting is a home dining room. The mother wears ordinary contemporary home clothing. The image is framed as a medium shot, waist-up, centered on the subject and the table. Warm daylight fills the dining room. A dining table with plates and serving dishes is visible behind the subject. The subject's face and hands are clearly visible with natural body proportions, realistic anatomy, sharp focus, balanced composition, and no visual distortions."
"S227","A family is the main subject, shown inside a home dining room. The family is expressing gratitude together. Visible in the frame near the family: gratitude together. The family is positioned in the center of the frame, facing the camera at a natural angle. The setting is a home dining room. The family wears ordinary contemporary home clothing. The image is framed as a medium shot, waist-up, centered on the subject and the table. Warm daylight fills the dining room. A dining table with plates and serving dishes is visible behind the subject. The subject's face and hands are clearly visible with natural body proportions, realistic anatomy, sharp focus, balanced composition, and no visual distortions."
"S228","A father is the main subject, shown inside a home living room. The father is explaining to child that doing the right thing brings lasting happiness. Visible in the frame near the father: to child that doing the right thing brings lasting happiness. The father is positioned in the center of the frame, facing the camera at a natural angle. The setting is a home living room. The father wears ordinary contemporary clothing. The image is framed as a medium shot, waist-up, centered on the subject. Soft, natural indoor lighting fills the room. Simple household furniture is visible behind the subject. The subject's face and hands are clearly visible with natural body proportions, realistic anatomy, sharp focus, balanced composition, and no visual distortions."
"S229","A mother is the main subject, shown inside a home living room. The mother is praising child for telling the truth despite possible consequences. Visible in the frame near the mother: child for telling the truth. The mother is positioned in the center of the frame, facing the camera at a natural angle. The setting is a home living room. The mother wears ordinary contemporary clothing. The image is framed as a medium shot, waist-up, centered on the subject. Soft, natural indoor lighting fills the room. Simple household furniture is visible behind the subject. The subject's face and hands are clearly visible with natural body proportions, realistic anatomy, sharp focus, balanced composition, and no visual distortions."
"S230","A father is the main subject, shown inside a home living room. The father is admitting his own mistake to his child and showing how to make amends. Visible in the frame near the father: his own mistake to his child and showing how to make amends. The father is positioned in the center of the frame, facing the camera at a natural angle. The setting is a home living room. The father wears ordinary contemporary clothing. The image is framed as a medium shot, waist-up, centered on the subject. Soft, natural indoor lighting fills the room. Simple household furniture is visible behind the subject. The subject's face and hands are clearly visible with natural body proportions, realistic anatomy, sharp focus, balanced composition, and no visual distortions."
"S231","A family is the main subject, shown inside a home living room. The family is maintaining a clean and orderly home through everyone's daily contributions. Visible in the frame near the family: a clean and orderly home through everyone's daily contributions. The family is positioned in the center of the frame, facing the camera at a natural angle. The setting is a home living room. The family wears ordinary contemporary clothing. The image is framed as a medium shot, waist-up, centered on the subject. Soft, natural indoor lighting fills the room. Simple household furniture is visible behind the subject. The subject's face and hands are clearly visible with natural body proportions, realistic anatomy, sharp focus, balanced composition, and no visual distortions."
"S232","A mother is the main subject, shown inside a home dining room. The mother is teaching child to keep promises by arriving on time for agreed activities. Visible in the frame near the mother: child to keep promises by arriving on time for agreed activities. The mother is positioned in the center of the frame, facing the camera at a natural angle. The setting is a home dining room. The mother wears ordinary contemporary home clothing. The image is framed as a medium shot, waist-up, centered on the subject and the table. Warm daylight fills the dining room. A dining table with plates and serving dishes is visible behind the subject. The subject's face and hands are clearly visible with natural body proportions, realistic anatomy, sharp focus, balanced composition, and no visual distortions."
"S233","A father is the main subject, shown inside a home living room. The father is demonstrating responsibility by paying bills promptly while discussing the family budget. Visible in the frame near the father: responsibility by paying bills promptly. The father is positioned in the center of the frame, facing the camera at a natural angle. The setting is a home living room. The father wears ordinary contemporary clothing. The image is framed as a medium shot, waist-up, centered on the subject. Soft, natural indoor lighting fills the room. Simple household furniture is visible behind the subject. The subject's face and hands are clearly visible with natural body proportions, realistic anatomy, sharp focus, balanced composition, and no visual distortions."
"S234","The father and child are the main subject, shown inside a home living room. The father and child are enjoying a peaceful evening walk together while holding hands. Visible in the frame near the father and child: a peaceful evening walk together. The father and child is positioned in the center of the frame, facing the camera at a natural angle. The setting is a home living room. The father and child wear ordinary contemporary clothing. The image is framed as a medium shot, waist-up, centered on the subject. Soft, natural indoor lighting fills the room. Simple household furniture is visible behind the subject. The subject's face and hands are clearly visible with natural body proportions, realistic anatomy, sharp focus, balanced composition, and no visual distortions."
"S235","A mother is the main subject, shown inside a home bedroom. The mother is creating a calm bedtime routine with stories and gentle conversation. Visible in the frame near the mother: a calm bedtime routine with stories and gentle conversation. The mother is positioned in the center of the frame, facing the camera at a natural angle. The setting is a home bedroom. The mother wears ordinary contemporary home clothing. The image is framed as a medium shot centered on the subject. Soft, dim evening lighting fills the bedroom. A bed with pillows and blankets is visible behind the subject. The subject's face and hands are clearly visible with natural body proportions, realistic anatomy, sharp focus, balanced composition, and no visual distortions."
"S236","A family is the main subject, shown inside a home dining room. The family is observing a quiet moment together. Visible in the frame near the family: a quiet moment together. The family is positioned in the center of the frame, facing the camera at a natural angle. The setting is a home dining room. The family wears ordinary contemporary home clothing. The image is framed as a medium shot, waist-up, centered on the subject and the table. Warm daylight fills the dining room. A dining table with plates and serving dishes is visible behind the subject. The subject's face and hands are clearly visible with natural body proportions, realistic anatomy, sharp focus, balanced composition, and no visual distortions."
"S237","A parent is the main subject, shown inside a hospital consultation room. The parent is explaining to child that inner goodness matters more than outward appearance. Visible in the frame near the parent: to child that inner goodness matters more than outward appearance. The parent is positioned in the center of the frame, facing the camera at a natural angle. The setting is a hospital consultation room. The parent wears a plain hospital uniform. The image is framed as a medium shot, waist-up, centered on the subject. Soft, even indoor lighting fills the room. Medical equipment and a hospital bed are visible behind the subject. The subject's face and hands are clearly visible with natural body proportions, realistic anatomy, sharp focus, balanced composition, and no visual distortions."
"S238","A mother is the main subject, shown inside a home living room. The mother is praising child for the kind intention behind an imperfect handmade gift. Visible in the frame near the mother: child for the kind intention behind an imperfect handmade gift. The mother is positioned in the center of the frame, facing the camera at a natural angle. The setting is a home living room. The mother wears ordinary contemporary clothing. The image is framed as a medium shot, waist-up, centered on the subject. Soft, natural indoor lighting fills the room. Simple household furniture is visible behind the subject. The subject's face and hands are clearly visible with natural body proportions, realistic anatomy, sharp focus, balanced composition, and no visual distortions."
"S239","A father is the main subject, shown inside a hospital consultation room. The father is teaching child that helping others brings lasting inner joy beyond external rewards. Visible in the frame near the father: child that helping others brings lasting inner joy beyond external rewards. The father is positioned in the center of the frame, facing the camera at a natural angle. The setting is a hospital consultation room. The father wears a plain hospital uniform. The image is framed as a medium shot, waist-up, centered on the subject. Soft, even indoor lighting fills the room. Medical equipment and a hospital bed are visible behind the subject. The subject's face and hands are clearly visible with natural body proportions, realistic anatomy, sharp focus, balanced composition, and no visual distortions."
"S240","A child is the main subject, shown inside a home workshop area. The child is helping father repair a bicycle chain while learning how the parts work together. Visible in the frame near the child: father repair a bicycle chain. The child is positioned in the center of the frame, facing the camera at a natural angle. The setting is a home workshop area. The child wears ordinary contemporary clothing. The image is framed as a medium shot, waist-up, centered on the subject and the tools. Bright, even daylight illuminates the workspace. Tools and repair equipment are visible on a nearby workbench. The subject's face and hands are clearly visible with natural body proportions, realistic anatomy, sharp focus, balanced composition, and no visual distortions."
"S241","A mother is the main subject, shown inside a home living room. The mother is showing child how family love provides strength during difficult times. Visible in the frame near the mother: child how family love provides strength. The mother is positioned in the center of the frame, facing the camera at a natural angle. The setting is a home living room. The mother wears ordinary contemporary clothing. The image is framed as a medium shot, waist-up, centered on the subject. Soft, natural indoor lighting fills the room. Simple household furniture is visible behind the subject. The subject's face and hands are clearly visible with natural body proportions, realistic anatomy, sharp focus, balanced composition, and no visual distortions."
"S242","A family is the main subject, shown inside a home dining room. The family is preparing a meal together with each person contributing to the work. Visible in the frame near the family: a meal together with each person contributing to the work. The family is positioned in the center of the frame, facing the camera at a natural angle. The setting is a home dining room. The family wears ordinary contemporary home clothing. The image is framed as a medium shot, waist-up, centered on the subject and the table. Warm daylight fills the dining room. A dining table with plates and serving dishes is visible behind the subject. The subject's face and hands are clearly visible with natural body proportions, realistic anatomy, sharp focus, balanced composition, and no visual distortions."
"S243","A family is the main subject, shown inside a home dining room. The family is setting extra plates and glasses on dining table for unexpected guest. Visible in the frame near the family: extra plates and glasses on dining table for unexpected guest. The family is positioned in the center of the frame, facing the camera at a natural angle. The setting is a home dining room. The family wears ordinary contemporary home clothing. The image is framed as a medium shot, waist-up, centered on the subject and the table. Warm daylight fills the dining room. A dining table with plates and serving dishes is visible behind the subject. The subject's face and hands are clearly visible with natural body proportions, realistic anatomy, sharp focus, balanced composition, and no visual distortions."
"S244","A mother is the main subject, shown inside a home dining room. The mother is pouring water from a vessel over guest's hands for washing. Visible in the frame near the mother: water from a vessel over guest's hands for washing. The mother is positioned in the center of the frame, facing the camera at a natural angle. The setting is a home dining room. The mother wears ordinary contemporary home clothing. The image is framed as a medium shot, waist-up, centered on the subject and the table. Warm daylight fills the dining room. A dining table with plates and serving dishes is visible behind the subject. The subject's face and hands are clearly visible with natural body proportions, realistic anatomy, sharp focus, balanced composition, and no visual distortions."
"S245","A family is the main subject, shown inside a home dining room. The family is laying out extra mattresses and blankets in the guest room for overnight visitors. Visible in the frame near the family: out extra mattresses and blankets in the guest room for overnight visitors. The family is positioned in the center of the frame, facing the camera at a natural angle. The setting is a home dining room. The family wears ordinary contemporary home clothing. The image is framed as a medium shot, waist-up, centered on the subject and the table. Warm daylight fills the dining room. A dining table with plates and serving dishes is visible behind the subject. The subject's face and hands are clearly visible with natural body proportions, realistic anatomy, sharp focus, balanced composition, and no visual distortions."
"S246","A father is the main subject, shown inside a home dining room. The father is pausing with his hand resting near a plate of rice on the table, looking toward the doorway where a guest has just arrived. A plate of rice sits untouched on the table in front of the father. The father is seated at the table in the foreground, with the guest standing in the doorway in the background. The setting is a home dining room. The father wears ordinary contemporary home clothing. The image is framed as a medium shot, waist-up, centered on the subject and the table. Warm daylight fills the dining room. A dining table with plates and serving dishes is visible behind the subject. The subject's face and hands are clearly visible with natural body proportions, realistic anatomy, sharp focus, balanced composition, and no visual distortions."
"S247","A mother is the main subject, shown inside a home dining room. The mother is serving food on a banana leaf to a guest. Visible in the frame near the mother: food on a banana leaf to a guest. The mother is positioned in the center of the frame, facing the camera at a natural angle. The setting is a home dining room. The mother wears ordinary contemporary home clothing. The image is framed as a medium shot, waist-up, centered on the subject and the table. Warm daylight fills the dining room. A dining table with plates and serving dishes is visible behind the subject. The subject's face and hands are clearly visible with natural body proportions, realistic anatomy, sharp focus, balanced composition, and no visual distortions."
"S248","A father is the main subject, shown inside a home dining room. The father is setting aside the choicest portion of meat for the guest. Visible in the frame near the father: aside the choicest portion of meat for the guest. The father is positioned in the center of the frame, facing the camera at a natural angle. The setting is a home dining room. The father wears ordinary contemporary home clothing. The image is framed as a medium shot, waist-up, centered on the subject and the table. Warm daylight fills the dining room. A dining table with plates and serving dishes is visible behind the subject. The subject's face and hands are clearly visible with natural body proportions, realistic anatomy, sharp focus, balanced composition, and no visual distortions."
"S249","A family is the main subject, shown inside a home dining room. The family is keeping an extra blanket folded in the guest room each day. Visible in the frame near the family: an extra blanket folded in the guest room each day. The family is positioned in the center of the frame, facing the camera at a natural angle. The setting is a home dining room. The family wears ordinary contemporary home clothing. The image is framed as a medium shot, waist-up, centered on the subject and the table. Warm daylight fills the dining room. A dining table with plates and serving dishes is visible behind the subject. The subject's face and hands are clearly visible with natural body proportions, realistic anatomy, sharp focus, balanced composition, and no visual distortions."
"S250","A father is the main subject, shown inside a home dining room. The father is sweeping and arranging the guest room every morning despite no guests expected today. Visible in the frame near the father: and arranging the guest room every morning. The father is positioned in the center of the frame, facing the camera at a natural angle. The setting is a home dining room. The father wears ordinary contemporary home clothing. The image is framed as a medium shot, waist-up, centered on the subject and the table. Warm daylight fills the dining room. A dining table with plates and serving dishes is visible behind the subject. The subject's face and hands are clearly visible with natural body proportions, realistic anatomy, sharp focus, balanced composition, and no visual distortions."
"S251","A mother is the main subject, shown inside a home dining room. The mother is keeping a bowl of fresh fruit on the coffee table for guests to enjoy. Visible in the frame near the mother: a bowl of fresh fruit on the coffee table for guests to enjoy. The mother is positioned in the center of the frame, facing the camera at a natural angle. The setting is a home dining room. The mother wears ordinary contemporary home clothing. The image is framed as a medium shot, waist-up, centered on the subject and the table. Warm daylight fills the dining room. A dining table with plates and serving dishes is visible behind the subject. The subject's face and hands are clearly visible with natural body proportions, realistic anatomy, sharp focus, balanced composition, and no visual distortions."
"S252","A mother is the main subject, shown inside a home living room. The mother is opening the door with a warm smile and welcoming gesture to a visiting neighbor. Visible in the frame near the mother: the door with a warm smile and welcoming gesture to a visiting neighbor. The mother is positioned in the center of the frame, facing the camera at a natural angle. The setting is a home living room. The mother wears ordinary contemporary clothing. The image is framed as a medium shot, waist-up, centered on the subject. Soft, natural indoor lighting fills the room. Simple household furniture is visible behind the subject. The subject's face and hands are clearly visible with natural body proportions, realistic anatomy, sharp focus, balanced composition, and no visual distortions."
"S253","A father is the main subject, shown inside a home dining room. The father is adjusting a cushion on a chair and gesturing for the guest to sit with a friendly face. Visible in the frame near the father: a cushion on a chair and gesturing for the guest to sit with a friendly face. The father is positioned in the center of the frame, facing the camera at a natural angle. The setting is a home dining room. The father wears ordinary contemporary home clothing. The image is framed as a medium shot, waist-up, centered on the subject and the table. Warm daylight fills the dining room. A dining table with plates and serving dishes is visible behind the subject. The subject's face and hands are clearly visible with natural body proportions, realistic anatomy, sharp focus, balanced composition, and no visual distortions."
"S254","A father is the main subject, shown inside a home dining room. The father is offering a glass of cool water to each guest as they arrive. Visible in the frame near the father: a glass of cool water to each guest as they arrive. The father is positioned in the center of the frame, facing the camera at a natural angle. The setting is a home dining room. The father wears ordinary contemporary home clothing. The image is framed as a medium shot, waist-up, centered on the subject and the table. Warm daylight fills the dining room. A dining table with plates and serving dishes is visible behind the subject. The subject's face and hands are clearly visible with natural body proportions, realistic anatomy, sharp focus, balanced composition, and no visual distortions."
"S255","A person is the main subject, shown inside a home dining room. The person is pausing with a spoonful of rice held near their mouth, looking toward a guest who is staring at the food with a hungry expression. A plate of rice is held in the person's lap or on the table in front of them, with a spoon raised partway. The person sits in the foreground, holding the spoon, while the guest stands nearby watching the food. The setting is a home dining room. The person wears ordinary contemporary home clothing. The image is framed as a medium shot, waist-up, centered on the subject and the table. Warm daylight fills the dining room. A dining table with plates and serving dishes is visible behind the subject. The subject's face and hands are clearly visible with natural body proportions, realistic anatomy, sharp focus, balanced composition, and no visual distortions."
"S256","A mother is the main subject, shown inside a home kitchen. The mother is ladling hot soup into a bowl for the guest. Visible in the frame near the mother: hot soup into a bowl for the guest. The mother is positioned in the center of the frame, facing the camera at a natural angle. The setting is a home kitchen. The mother wears ordinary contemporary home clothing. The image is framed as a medium shot, waist-up, centered on the subject. Warm daylight enters through a kitchen window. Kitchen counters, a stove, and cooking utensils are visible behind the subject. The subject's face and hands are clearly visible with natural body proportions, realistic anatomy, sharp focus, balanced composition, and no visual distortions."
"S257","A mother is the main subject, shown inside a home dining room. The mother is serving the guest the last piece of sweet on the tray. Visible in the frame near the mother: the guest the last piece of sweet on the tray. The mother is positioned in the center of the frame, facing the camera at a natural angle. The setting is a home dining room. The mother wears ordinary contemporary home clothing. The image is framed as a medium shot, waist-up, centered on the subject and the table. Warm daylight fills the dining room. A dining table with plates and serving dishes is visible behind the subject. The subject's face and hands are clearly visible with natural body proportions, realistic anatomy, sharp focus, balanced composition, and no visual distortions."
"S258","A host is the main subject, shown inside a home dining room. The host is looking toward the road with an expectant expression, having just served tea to one guest. An empty teacup and teapot sit on a small table beside the host. The host stands near the doorway in the foreground, facing toward the road, with the served tea visible on the table. The setting is a home dining room. The host wears ordinary contemporary home clothing. The image is framed as a medium shot, waist-up, centered on the subject and the table. Warm daylight fills the dining room. A dining table with plates and serving dishes is visible behind the subject. The subject's face and hands are clearly visible with natural body proportions, realistic anatomy, sharp focus, balanced composition, and no visual distortions."
"S259","A father is the main subject, shown inside a home dining room. The father is noticing a guest's glass is empty and promptly refilling it with fresh water. Visible in the frame near the father: a guest's glass is empty and promptly refilling it with fresh water. The father is positioned in the center of the frame, facing the camera at a natural angle. The setting is a home dining room. The father wears ordinary contemporary home clothing. The image is framed as a medium shot, waist-up, centered on the subject and the table. Warm daylight fills the dining room. A dining table with plates and serving dishes is visible behind the subject. The subject's face and hands are clearly visible with natural body proportions, realistic anatomy, sharp focus, balanced composition, and no visual distortions."
"S260","A mother is the main subject, shown inside a home dining room. The mother is preparing extra ice cubes and storing them in the freezer for guests' drinks. Visible in the frame near the mother: extra ice cubes and storing them in the freezer for guests' drinks. The mother is positioned in the center of the frame, facing the camera at a natural angle. The setting is a home dining room. The mother wears ordinary contemporary home clothing. The image is framed as a medium shot, waist-up, centered on the subject and the table. Warm daylight fills the dining room. A dining table with plates and serving dishes is visible behind the subject. The subject's face and hands are clearly visible with natural body proportions, realistic anatomy, sharp focus, balanced composition, and no visual distortions."
"S261","A child is the main subject, shown inside a home dining room. The child is noticing a guest helping an elderly neighbor and later imitating that helpfulness. Visible in the frame near the child: a guest helping an elderly neighbor and later imitating that helpfulness. The child is positioned in the center of the frame, facing the camera at a natural angle. The setting is a home dining room. The child wears ordinary contemporary home clothing. The image is framed as a medium shot, waist-up, centered on the subject and the table. Warm daylight fills the dining room. A dining table with plates and serving dishes is visible behind the subject. The subject's face and hands are clearly visible with natural body proportions, realistic anatomy, sharp focus, balanced composition, and no visual distortions."
"S262","A father is the main subject, shown inside a home dining room. The father is asking a guest about their work as a gardener and later using tips to improve his own garden. Visible in the frame near the father: a guest about their work as a gardener and later using tips to improve his own garden. The father is positioned in the center of the frame, facing the camera at a natural angle. The setting is a home dining room. The father wears ordinary contemporary home clothing. The image is framed as a medium shot, waist-up, centered on the subject and the table. Warm daylight fills the dining room. A dining table with plates and serving dishes is visible behind the subject. The subject's face and hands are clearly visible with natural body proportions, realistic anatomy, sharp focus, balanced composition, and no visual distortions."
"S263","A mother is the main subject, shown inside a home dining room. The mother is removing her own shoes at her doorway, adopting a habit she noticed a guest practicing. A pair of shoes rests beside the mother's hand near the doorstep. The mother kneels or bends at the home's entrance in the foreground, with the doorway visible behind her. The setting is a home dining room. The mother wears ordinary contemporary home clothing. The image is framed as a medium shot, waist-up, centered on the subject and the table. Warm daylight fills the dining room. A dining table with plates and serving dishes is visible behind the subject. The subject's face and hands are clearly visible with natural body proportions, realistic anatomy, sharp focus, balanced composition, and no visual distortions."
"S264","A family with modest means are the main subject, shown inside a home dining room. The family with modest means are offering a guest a plate of rice and lentils with a warm welcome. Visible in the frame near the family with modest means: a guest a plate of rice and lentils with a warm welcome. The family with modest means is positioned in the center of the frame, facing the camera at a natural angle. The setting is a home dining room. The family with modest means wear ordinary contemporary home clothing. The image is framed as a medium shot, waist-up, centered on the subject and the table. Warm daylight fills the dining room. A dining table with plates and serving dishes is visible behind the subject. The subject's face and hands are clearly visible with natural body proportions, realistic anatomy, sharp focus, balanced composition, and no visual distortions."
"S265","A father is the main subject, shown inside a home dining room. The father is sharing the few vegetables from his small garden with a guest, expressing happiness to share. Visible in the frame near the father: the few vegetables from his small garden with a guest, expressing happiness to share. The father is positioned in the center of the frame, facing the camera at a natural angle. The setting is a home dining room. The father wears ordinary contemporary home clothing. The image is framed as a medium shot, waist-up, centered on the subject and the table. Warm daylight fills the dining room. A dining table with plates and serving dishes is visible behind the subject. The subject's face and hands are clearly visible with natural body proportions, realistic anatomy, sharp focus, balanced composition, and no visual distortions."
"S266","A father is the main subject, shown inside a home dining room. The father is offering his own blanket to a guest who feels cold, despite having only one extra. Visible in the frame near the father: his own blanket to a guest who feels cold,. The father is positioned in the center of the frame, facing the camera at a natural angle. The setting is a home dining room. The father wears ordinary contemporary home clothing. The image is framed as a medium shot, waist-up, centered on the subject and the table. Warm daylight fills the dining room. A dining table with plates and serving dishes is visible behind the subject. The subject's face and hands are clearly visible with natural body proportions, realistic anatomy, sharp focus, balanced composition, and no visual distortions."
"S267","A wealthy family is the main subject, shown inside a home dining room. The wealthy family is ignoring a guest at the door, continuing their indoor conversation. Visible in the frame near the wealthy family: a guest at the door, continuing their indoor conversation. The wealthy family is positioned in the center of the frame, facing the camera at a natural angle. The setting is a home dining room. The wealthy family wears ordinary contemporary home clothing. The image is framed as a medium shot, waist-up, centered on the subject and the table. Warm daylight fills the dining room. A dining table with plates and serving dishes is visible behind the subject. The subject's face and hands are clearly visible with natural body proportions, realistic anatomy, sharp focus, balanced composition, and no visual distortions."
"S268","A father is the main subject, shown inside a hospital consultation room. The father is pointing a guest toward the servants and saying"" They will attend to you"" without personally greeting them. Visible in the frame near the father: a guest toward the servants and saying"" They will attend to you"". The father is positioned in the center of the frame, facing the camera at a natural angle. The setting is a hospital consultation room. The father wears a plain hospital uniform. The image is framed as a medium shot, waist-up, centered on the subject. Soft, even indoor lighting fills the room. Medical equipment and a hospital bed are visible behind the subject. The subject's face and hands are clearly visible with natural body proportions, realistic anatomy, sharp focus, balanced composition, and no visual distortions."
"S269","A mother is the main subject, shown inside a home dining room. The mother is instructing the servant to attend to the guest's needs while she continues her private conversation. Visible in the frame near the mother: the servant to attend to the guest's needs. The mother is positioned in the center of the frame, facing the camera at a natural angle. The setting is a home dining room. The mother wears ordinary contemporary home clothing. The image is framed as a medium shot, waist-up, centered on the subject and the table. Warm daylight fills the dining room. A dining table with plates and serving dishes is visible behind the subject. The subject's face and hands are clearly visible with natural body proportions, realistic anatomy, sharp focus, balanced composition, and no visual distortions."
"S270","A host is the main subject, shown inside a home dining room. The host is offering a slightly wilted flower to a guest with a warm, genuine smile. A single wilted flower is held out in the host's hand toward the guest. The host stands in the foreground, extending the flower toward the guest who faces them. The setting is a home dining room. The host wears ordinary contemporary home clothing. The image is framed as a medium shot, waist-up, centered on the subject and the table. Warm daylight fills the dining room. A dining table with plates and serving dishes is visible behind the subject. The subject's face and hands are clearly visible with natural body proportions, realistic anatomy, sharp focus, balanced composition, and no visual distortions."
"S271","A mother is the main subject, shown inside a home dining room. The mother is serving a simple home-cooked meal to a guest with a cheerful, warm expression. A modest plate of home-cooked food is held in the mother's hands, placed in front of the guest. The mother stands beside the dining table in the foreground, serving the plate to the seated guest. The setting is a home dining room. The mother wears ordinary contemporary home clothing. The image is framed as a medium shot, waist-up, centered on the subject and the table. Warm daylight fills the dining room. A dining table with plates and serving dishes is visible behind the subject. The subject's face and hands are clearly visible with natural body proportions, realistic anatomy, sharp focus, balanced composition, and no visual distortions."
"S272","A mother is the main subject, shown inside a home dining room. The mother is inviting the guest to sit and share stories over tea, ignoring the simple surroundings. Visible in the frame near the mother: the guest to sit and share stories over tea, ignoring the simple surroundings. The mother is positioned in the center of the frame, facing the camera at a natural angle. The setting is a home dining room. The mother wears ordinary contemporary home clothing. The image is framed as a medium shot, waist-up, centered on the subject and the table. Warm daylight fills the dining room. A dining table with plates and serving dishes is visible behind the subject. The subject's face and hands are clearly visible with natural body proportions, realistic anatomy, sharp focus, balanced composition, and no visual distortions."
"S273","A child is the main subject, shown inside a home living room. The child is handing a thank- you drawing to father. Visible in the frame near the child: a thank- you drawing to father. The child is positioned in the center of the frame, facing the camera at a natural angle. The setting is a home living room. The child wears ordinary contemporary clothing. The image is framed as a medium shot, waist-up, centered on the subject. Soft, natural indoor lighting fills the room. Simple household furniture is visible behind the subject. The subject's face and hands are clearly visible with natural body proportions, realistic anatomy, sharp focus, balanced composition, and no visual distortions."
"S274","A friend is the main subject, shown inside a home living room. The friend is offering to help carry groceries for another friend who helped them move. Visible in the frame near the friend: to help carry groceries for another friend who helped them move. The friend is positioned in the center of the frame, facing the camera at a natural angle. The setting is a home living room. The friend wears ordinary contemporary clothing. The image is framed as a medium shot, waist-up, centered on the subject. Soft, natural indoor lighting fills the room. Simple household furniture is visible behind the subject. The subject's face and hands are clearly visible with natural body proportions, realistic anatomy, sharp focus, balanced composition, and no visual distortions."
"S275","A student is the main subject, shown inside a classroom. The student is placing a thank- you note on teacher's desk. Visible in the frame near the student: a thank- you note on teacher's desk. The student is positioned in the center of the frame, facing the camera at a natural angle. The setting is a classroom. The student wears plain contemporary clothing. The image is framed as an eye-level medium shot centered on the subject. Natural daylight enters through classroom windows, softly illuminating the scene. Rows of wooden desks and a large chalkboard are visible behind the subject. The subject's face and hands are clearly visible with natural body proportions, realistic anatomy, sharp focus, balanced composition, and no visual distortions."
"S276","A neighbor is the main subject, shown inside a home living room. The neighbor is bringing homemade sweets to another neighbor who lent a ladder. Visible in the frame near the neighbor: homemade sweets to another neighbor who lent a ladder. The neighbor is positioned in the center of the frame, facing the camera at a natural angle. The setting is a home living room. The neighbor wears ordinary contemporary clothing. The image is framed as a medium shot, waist-up, centered on the subject. Soft, natural indoor lighting fills the room. Simple household furniture is visible behind the subject. The subject's face and hands are clearly visible with natural body proportions, realistic anatomy, sharp focus, balanced composition, and no visual distortions."
"S277","An employee is the main subject, shown inside a modern office. The employee is making coffee for boss who approved their leave request. Visible in the frame near the employee: coffee for boss who approved their leave request. The employee is positioned in the center of the frame, facing the camera at a natural angle. The setting is a modern office. The employee wears ordinary contemporary office attire. The image is framed as a medium shot, waist-up, centered on the subject. Soft indoor lighting fills the office. Desks, computer monitors, and office partitions are visible behind the subject. The subject's face and hands are clearly visible with natural body proportions, realistic anatomy, sharp focus, balanced composition, and no visual distortions."
"S278","A daughter is the main subject, shown inside a home workshop area. The daughter is serving water to father. Visible in the frame near the daughter: water to father. The daughter is positioned in the center of the frame, facing the camera at a natural angle. The setting is a home workshop area. The daughter wears ordinary contemporary clothing. The image is framed as a medium shot, waist-up, centered on the subject and the tools. Bright, even daylight illuminates the workspace. Tools and repair equipment are visible on a nearby workbench. The subject's face and hands are clearly visible with natural body proportions, realistic anatomy, sharp focus, balanced composition, and no visual distortions."
"S279","A colleague is the main subject, shown inside a home living room. The colleague is covering for another colleague's shift as thanks for previous help. Visible in the frame near the colleague: for another colleague's shift as thanks for previous help. The colleague is positioned in the center of the frame, facing the camera at a natural angle. The setting is a home living room. The colleague wears ordinary contemporary clothing. The image is framed as a medium shot, waist-up, centered on the subject. Soft, natural indoor lighting fills the room. Simple household furniture is visible behind the subject. The subject's face and hands are clearly visible with natural body proportions, realistic anatomy, sharp focus, balanced composition, and no visual distortions."
"S280","A guest is the main subject, shown inside a home dining room. The guest is helping host clear dishes. Visible in the frame near the guest: host clear dishes. The guest is positioned in the center of the frame, facing the camera at a natural angle. The setting is a home dining room. The guest wears ordinary contemporary home clothing. The image is framed as a medium shot, waist-up, centered on the subject and the table. Warm daylight fills the dining room. A dining table with plates and serving dishes is visible behind the subject. The subject's face and hands are clearly visible with natural body proportions, realistic anatomy, sharp focus, balanced composition, and no visual distortions."
"S281","A stranger is the main subject, shown inside the interior of a public bus. The stranger is holding elevator door for someone with heavy bags, then receiving a smile. Visible in the frame near the stranger: elevator door for someone with heavy bags, then receiving a smile. The stranger is positioned in the center of the frame, facing the camera at a natural angle. The setting is the interior of a public bus. The stranger wears ordinary contemporary clothing. The image is framed as a medium shot, waist-up, centered on the subject. Even daylight enters through the bus windows. Rows of seats and standing passengers are visible behind the subject. The subject's face and hands are clearly visible with natural body proportions, realistic anatomy, sharp focus, balanced composition, and no visual distortions."
"S282","A volunteer is the main subject, shown inside a home living room. The volunteer is organizing a small thank- you event for shelter staff. Visible in the frame near the volunteer: a small thank- you event for shelter staff. The volunteer is positioned in the center of the frame, facing the camera at a natural angle. The setting is a home living room. The volunteer wears ordinary contemporary clothing. The image is framed as a medium shot, waist-up, centered on the subject. Soft, natural indoor lighting fills the room. Simple household furniture is visible behind the subject. The subject's face and hands are clearly visible with natural body proportions, realistic anatomy, sharp focus, balanced composition, and no visual distortions."
"S283","A friend is the main subject, shown inside a home living room. The friend is returning a borrowed book with a handwritten note of thanks. Visible in the frame near the friend: a borrowed book with a handwritten note of thanks. The friend is positioned in the center of the frame, facing the camera at a natural angle. The setting is a home living room. The friend wears ordinary contemporary clothing. The image is framed as a medium shot, waist-up, centered on the subject. Soft, natural indoor lighting fills the room. Simple household furniture is visible behind the subject. The subject's face and hands are clearly visible with natural body proportions, realistic anatomy, sharp focus, balanced composition, and no visual distortions."
"S284","A neighbor is the main subject, shown inside an outdoor garden. The neighbor is watering another neighbor's plants while they were away, then receiving thanks. Visible in the frame near the neighbor: another neighbor's plants. The neighbor is positioned in the center of the frame, facing the camera at a natural angle. The setting is an outdoor garden. The neighbor wears ordinary contemporary outdoor clothing. The image is framed as a medium shot, waist-up, centered on the subject. Natural daylight illuminates the garden. Rows of plants and garden tools are visible behind the subject. The subject's face and hands are clearly visible with natural body proportions, realistic anatomy, sharp focus, balanced composition, and no visual distortions."
"S285","A customer is the main subject, shown inside a retail appliance store. The customer is leaving a positive review for a shopkeeper who gave good advice. Visible in the frame near the customer: a positive review for a shopkeeper who gave good advice. The customer is positioned in the center of the frame, facing the camera at a natural angle. The setting is a retail appliance store. The customer wears ordinary contemporary clothing. The image is framed as a medium shot, waist-up, centered on the subject. Bright, even retail store lighting fills the space. Rows of display appliances are visible behind the subject. The subject's face and hands are clearly visible with natural body proportions, realistic anatomy, sharp focus, balanced composition, and no visual distortions."
"S286","A sibling is the main subject, shown inside a home living room. The sibling is sharing snacks with brother/ sister who helped with homework. Visible in the frame near the sibling: snacks with brother/ sister who helped with homework. The sibling is positioned in the center of the frame, facing the camera at a natural angle. The setting is a home living room. The sibling wears ordinary contemporary clothing. The image is framed as a medium shot, waist-up, centered on the subject. Soft, natural indoor lighting fills the room. Simple household furniture is visible behind the subject. The subject's face and hands are clearly visible with natural body proportions, realistic anatomy, sharp focus, balanced composition, and no visual distortions."
"S287","A passenger is the main subject, shown inside the interior of a public bus. The passenger is offering seat to elderly person on bus, then receiving a grateful nod. Visible in the frame near the passenger: seat to elderly person on bus, then receiving a grateful nod. The passenger is positioned in the center of the frame, facing the camera at a natural angle. The setting is the interior of a public bus. The passenger wears ordinary contemporary clothing. The image is framed as a medium shot, waist-up, centered on the subject. Even daylight enters through the bus windows. Rows of seats and standing passengers are visible behind the subject. The subject's face and hands are clearly visible with natural body proportions, realistic anatomy, sharp focus, balanced composition, and no visual distortions."
"S288","An apprentice is the main subject, shown inside a home workshop area. The apprentice is cleaning tools for mentor. Visible in the frame near the apprentice: tools for mentor. The apprentice is positioned in the center of the frame, facing the camera at a natural angle. The setting is a home workshop area. The apprentice wears ordinary contemporary clothing. The image is framed as a medium shot, waist-up, centered on the subject and the tools. Bright, even daylight illuminates the workspace. Tools and repair equipment are visible on a nearby workbench. The subject's face and hands are clearly visible with natural body proportions, realistic anatomy, sharp focus, balanced composition, and no visual distortions."
"S289","A friend is the main subject, shown inside a classroom. The friend is helping another friend study for an exam, then receiving a thank- you text. Visible in the frame near the friend: another friend study for an exam, then receiving a thank- you text. The friend is positioned in the center of the frame, facing the camera at a natural angle. The setting is a classroom. The friend wears plain contemporary clothing. The image is framed as an eye-level medium shot centered on the subject. Natural daylight enters through classroom windows, softly illuminating the scene. Rows of wooden desks and a large chalkboard are visible behind the subject. The subject's face and hands are clearly visible with natural body proportions, realistic anatomy, sharp focus, balanced composition, and no visual distortions."
"S290","A neighbor is the main subject, shown inside a home dining room. The neighbor is inviting another neighbor to dinner. Visible in the frame near the neighbor: another neighbor to dinner. The neighbor is positioned in the center of the frame, facing the camera at a natural angle. The setting is a home dining room. The neighbor wears ordinary contemporary home clothing. The image is framed as a medium shot, waist-up, centered on the subject and the table. Warm daylight fills the dining room. A dining table with plates and serving dishes is visible behind the subject. The subject's face and hands are clearly visible with natural body proportions, realistic anatomy, sharp focus, balanced composition, and no visual distortions."
"S291","A donor is the main subject, shown inside a home living room. The donor is visiting a charity they supported to see the impact, then volunteering time. Visible in the frame near the donor: a charity they supported to see the impact, then volunteering time. The donor is positioned in the center of the frame, facing the camera at a natural angle. The setting is a home living room. The donor wears ordinary contemporary clothing. The image is framed as a medium shot, waist-up, centered on the subject. Soft, natural indoor lighting fills the room. Simple household furniture is visible behind the subject. The subject's face and hands are clearly visible with natural body proportions, realistic anatomy, sharp focus, balanced composition, and no visual distortions."
"S292","A parent is the main subject, shown inside a home dining room. The parent is teaching child to say thank you to grandparents. Visible in the frame near the parent: child to say thank you to grandparents. The parent is positioned in the center of the frame, facing the camera at a natural angle. The setting is a home dining room. The parent wears ordinary contemporary home clothing. The image is framed as a medium shot, waist-up, centered on the subject and the table. Warm daylight fills the dining room. A dining table with plates and serving dishes is visible behind the subject. The subject's face and hands are clearly visible with natural body proportions, realistic anatomy, sharp focus, balanced composition, and no visual distortions."
"S293","An employee is the main subject, shown inside a modern office. The employee is bringing lunch to boss who covered for them during an emergency. Visible in the frame near the employee: lunch to boss who covered for them. The employee is positioned in the center of the frame, facing the camera at a natural angle. The setting is a modern office. The employee wears ordinary contemporary office attire. The image is framed as a medium shot, waist-up, centered on the subject. Soft indoor lighting fills the office. Desks, computer monitors, and office partitions are visible behind the subject. The subject's face and hands are clearly visible with natural body proportions, realistic anatomy, sharp focus, balanced composition, and no visual distortions."
"S294","A stranger is the main subject, shown inside a home living room. The stranger is helping someone pick up dropped items, then receiving a warm smile. Visible in the frame near the stranger: someone pick up dropped items, then receiving a warm smile. The stranger is positioned in the center of the frame, facing the camera at a natural angle. The setting is a home living room. The stranger wears ordinary contemporary clothing. The image is framed as a medium shot, waist-up, centered on the subject. Soft, natural indoor lighting fills the room. Simple household furniture is visible behind the subject. The subject's face and hands are clearly visible with natural body proportions, realistic anatomy, sharp focus, balanced composition, and no visual distortions."
"S295","A child is the main subject, shown inside a home dining room. The child is setting the table for parents as thanks for making breakfast. Visible in the frame near the child: the table for parents as thanks for making breakfast. The child is positioned in the center of the frame, facing the camera at a natural angle. The setting is a home dining room. The child wears ordinary contemporary home clothing. The image is framed as a medium shot, waist-up, centered on the subject and the table. Warm daylight fills the dining room. A dining table with plates and serving dishes is visible behind the subject. The subject's face and hands are clearly visible with natural body proportions, realistic anatomy, sharp focus, balanced composition, and no visual distortions."
"S296","A friend is the main subject, shown inside a home dining room. The friend is helping another friend move houses, then being treated to dinner. Visible in the frame near the friend: another friend move houses, then being treated to dinner. The friend is positioned in the center of the frame, facing the camera at a natural angle. The setting is a home dining room. The friend wears ordinary contemporary home clothing. The image is framed as a medium shot, waist-up, centered on the subject and the table. Warm daylight fills the dining room. A dining table with plates and serving dishes is visible behind the subject. The subject's face and hands are clearly visible with natural body proportions, realistic anatomy, sharp focus, balanced composition, and no visual distortions."
"S297","A neighbor is the main subject, shown inside a home kitchen. The neighbor is baking cookies for another neighbor who watched their pet. Visible in the frame near the neighbor: cookies for another neighbor who watched their pet. The neighbor is positioned in the center of the frame, facing the camera at a natural angle. The setting is a home kitchen. The neighbor wears ordinary contemporary home clothing. The image is framed as a medium shot, waist-up, centered on the subject. Warm daylight enters through a kitchen window. Kitchen counters, a stove, and cooking utensils are visible behind the subject. The subject's face and hands are clearly visible with natural body proportions, realistic anatomy, sharp focus, balanced composition, and no visual distortions."
